benchmark,run,metric,value,unit,direction,role,source
all-pairs-distance-cuda,1,cpu_reference_time,119.09100000000001,ms,lower,secondary,baseline/results/951758/all-pairs-distance-cuda/run-1.log
all-pairs-distance-cuda,1,k1_register_atomic,0.18893000000000001,ms,lower,primary,baseline/results/951758/all-pairs-distance-cuda/run-1.log
all-pairs-distance-cuda,1,k2_shared_tree_reduction,0.159307,ms,lower,primary,baseline/results/951758/all-pairs-distance-cuda/run-1.log
all-pairs-distance-cuda,1,k3_cub_block_reduction,0.1574676,ms,lower,primary,baseline/results/951758/all-pairs-distance-cuda/run-1.log
all-pairs-distance-cuda,2,cpu_reference_time,119.095,ms,lower,secondary,baseline/results/951758/all-pairs-distance-cuda/run-2.log
all-pairs-distance-cuda,2,k1_register_atomic,0.1888417,ms,lower,primary,baseline/results/951758/all-pairs-distance-cuda/run-2.log
all-pairs-distance-cuda,2,k2_shared_tree_reduction,0.15926759999999998,ms,lower,primary,baseline/results/951758/all-pairs-distance-cuda/run-2.log
all-pairs-distance-cuda,2,k3_cub_block_reduction,0.1574468,ms,lower,primary,baseline/results/951758/all-pairs-distance-cuda/run-2.log
all-pairs-distance-cuda,3,cpu_reference_time,119.20400000000001,ms,lower,secondary,baseline/results/951758/all-pairs-distance-cuda/run-3.log
all-pairs-distance-cuda,3,k1_register_atomic,0.1887426,ms,lower,primary,baseline/results/951758/all-pairs-distance-cuda/run-3.log
all-pairs-distance-cuda,3,k2_shared_tree_reduction,0.1591906,ms,lower,primary,baseline/results/951758/all-pairs-distance-cuda/run-3.log
all-pairs-distance-cuda,3,k3_cub_block_reduction,0.15736070000000002,ms,lower,primary,baseline/results/951758/all-pairs-distance-cuda/run-3.log
all-pairs-distance-cuda,4,cpu_reference_time,119.099,ms,lower,secondary,baseline/results/951758/all-pairs-distance-cuda/run-4.log
all-pairs-distance-cuda,4,k1_register_atomic,0.1887142,ms,lower,primary,baseline/results/951758/all-pairs-distance-cuda/run-4.log
all-pairs-distance-cuda,4,k2_shared_tree_reduction,0.15917320000000001,ms,lower,primary,baseline/results/951758/all-pairs-distance-cuda/run-4.log
all-pairs-distance-cuda,4,k3_cub_block_reduction,0.15734,ms,lower,primary,baseline/results/951758/all-pairs-distance-cuda/run-4.log
all-pairs-distance-cuda,5,cpu_reference_time,118.5,ms,lower,secondary,baseline/results/951758/all-pairs-distance-cuda/run-5.log
all-pairs-distance-cuda,5,k1_register_atomic,0.1887397,ms,lower,primary,baseline/results/951758/all-pairs-distance-cuda/run-5.log
all-pairs-distance-cuda,5,k2_shared_tree_reduction,0.1591895,ms,lower,primary,baseline/results/951758/all-pairs-distance-cuda/run-5.log
all-pairs-distance-cuda,5,k3_cub_block_reduction,0.15735470000000001,ms,lower,primary,baseline/results/951758/all-pairs-distance-cuda/run-5.log
atomicReduction-cuda,1,atomic_reduction.block_128,690.961,GB/s,higher,primary,baseline/results/951758/atomicReduction-cuda/run-1.log
atomicReduction-cuda,1,atomic_reduction_v2.block_128,845.262,GB/s,higher,primary,baseline/results/951758/atomicReduction-cuda/run-1.log
atomicReduction-cuda,1,atomic_reduction_v4.block_128,850.095,GB/s,higher,primary,baseline/results/951758/atomicReduction-cuda/run-1.log
atomicReduction-cuda,1,atomic_reduction_v8.block_128,833.942,GB/s,higher,primary,baseline/results/951758/atomicReduction-cuda/run-1.log
atomicReduction-cuda,1,atomic_reduction_v16.block_128,721.293,GB/s,higher,primary,baseline/results/951758/atomicReduction-cuda/run-1.log
atomicReduction-cuda,1,atomic_reduction.block_256,702.676,GB/s,higher,primary,baseline/results/951758/atomicReduction-cuda/run-1.log
atomicReduction-cuda,1,atomic_reduction_v2.block_256,836.973,GB/s,higher,primary,baseline/results/951758/atomicReduction-cuda/run-1.log
atomicReduction-cuda,1,atomic_reduction_v4.block_256,862.787,GB/s,higher,primary,baseline/results/951758/atomicReduction-cuda/run-1.log
atomicReduction-cuda,1,atomic_reduction_v8.block_256,845.469,GB/s,higher,primary,baseline/results/951758/atomicReduction-cuda/run-1.log
atomicReduction-cuda,1,atomic_reduction_v16.block_256,727.73,GB/s,higher,primary,baseline/results/951758/atomicReduction-cuda/run-1.log
atomicReduction-cuda,1,atomic_reduction.block_512,752.773,GB/s,higher,primary,baseline/results/951758/atomicReduction-cuda/run-1.log
atomicReduction-cuda,1,atomic_reduction_v2.block_512,826.135,GB/s,higher,primary,baseline/results/951758/atomicReduction-cuda/run-1.log
atomicReduction-cuda,1,atomic_reduction_v4.block_512,850.346,GB/s,higher,primary,baseline/results/951758/atomicReduction-cuda/run-1.log
atomicReduction-cuda,1,atomic_reduction_v8.block_512,787.227,GB/s,higher,primary,baseline/results/951758/atomicReduction-cuda/run-1.log
atomicReduction-cuda,1,atomic_reduction_v16.block_512,686.451,GB/s,higher,primary,baseline/results/951758/atomicReduction-cuda/run-1.log
atomicReduction-cuda,1,atomic_reduction.block_1024,770.225,GB/s,higher,primary,baseline/results/951758/atomicReduction-cuda/run-1.log
atomicReduction-cuda,1,atomic_reduction_v2.block_1024,848.842,GB/s,higher,primary,baseline/results/951758/atomicReduction-cuda/run-1.log
atomicReduction-cuda,1,atomic_reduction_v4.block_1024,848.15,GB/s,higher,primary,baseline/results/951758/atomicReduction-cuda/run-1.log
atomicReduction-cuda,1,atomic_reduction_v8.block_1024,827.551,GB/s,higher,primary,baseline/results/951758/atomicReduction-cuda/run-1.log
atomicReduction-cuda,1,atomic_reduction_v16.block_1024,591.136,GB/s,higher,primary,baseline/results/951758/atomicReduction-cuda/run-1.log
atomicReduction-cuda,2,atomic_reduction.block_128,690.845,GB/s,higher,primary,baseline/results/951758/atomicReduction-cuda/run-2.log
atomicReduction-cuda,2,atomic_reduction_v2.block_128,845.385,GB/s,higher,primary,baseline/results/951758/atomicReduction-cuda/run-2.log
atomicReduction-cuda,2,atomic_reduction_v4.block_128,850.25,GB/s,higher,primary,baseline/results/951758/atomicReduction-cuda/run-2.log
atomicReduction-cuda,2,atomic_reduction_v8.block_128,834.951,GB/s,higher,primary,baseline/results/951758/atomicReduction-cuda/run-2.log
atomicReduction-cuda,2,atomic_reduction_v16.block_128,722.35,GB/s,higher,primary,baseline/results/951758/atomicReduction-cuda/run-2.log
atomicReduction-cuda,2,atomic_reduction.block_256,703.779,GB/s,higher,primary,baseline/results/951758/atomicReduction-cuda/run-2.log
atomicReduction-cuda,2,atomic_reduction_v2.block_256,837.293,GB/s,higher,primary,baseline/results/951758/atomicReduction-cuda/run-2.log
atomicReduction-cuda,2,atomic_reduction_v4.block_256,863.444,GB/s,higher,primary,baseline/results/951758/atomicReduction-cuda/run-2.log
atomicReduction-cuda,2,atomic_reduction_v8.block_256,845.728,GB/s,higher,primary,baseline/results/951758/atomicReduction-cuda/run-2.log
atomicReduction-cuda,2,atomic_reduction_v16.block_256,727.798,GB/s,higher,primary,baseline/results/951758/atomicReduction-cuda/run-2.log
atomicReduction-cuda,2,atomic_reduction.block_512,752.144,GB/s,higher,primary,baseline/results/951758/atomicReduction-cuda/run-2.log
atomicReduction-cuda,2,atomic_reduction_v2.block_512,825.713,GB/s,higher,primary,baseline/results/951758/atomicReduction-cuda/run-2.log
atomicReduction-cuda,2,atomic_reduction_v4.block_512,851.034,GB/s,higher,primary,baseline/results/951758/atomicReduction-cuda/run-2.log
atomicReduction-cuda,2,atomic_reduction_v8.block_512,787.773,GB/s,higher,primary,baseline/results/951758/atomicReduction-cuda/run-2.log
atomicReduction-cuda,2,atomic_reduction_v16.block_512,686.496,GB/s,higher,primary,baseline/results/951758/atomicReduction-cuda/run-2.log
atomicReduction-cuda,2,atomic_reduction.block_1024,770.672,GB/s,higher,primary,baseline/results/951758/atomicReduction-cuda/run-2.log
atomicReduction-cuda,2,atomic_reduction_v2.block_1024,848.97,GB/s,higher,primary,baseline/results/951758/atomicReduction-cuda/run-2.log
atomicReduction-cuda,2,atomic_reduction_v4.block_1024,848.844,GB/s,higher,primary,baseline/results/951758/atomicReduction-cuda/run-2.log
atomicReduction-cuda,2,atomic_reduction_v8.block_1024,827.278,GB/s,higher,primary,baseline/results/951758/atomicReduction-cuda/run-2.log
atomicReduction-cuda,2,atomic_reduction_v16.block_1024,587.357,GB/s,higher,primary,baseline/results/951758/atomicReduction-cuda/run-2.log
atomicReduction-cuda,3,atomic_reduction.block_128,690.755,GB/s,higher,primary,baseline/results/951758/atomicReduction-cuda/run-3.log
atomicReduction-cuda,3,atomic_reduction_v2.block_128,845.521,GB/s,higher,primary,baseline/results/951758/atomicReduction-cuda/run-3.log
atomicReduction-cuda,3,atomic_reduction_v4.block_128,850.69,GB/s,higher,primary,baseline/results/951758/atomicReduction-cuda/run-3.log
atomicReduction-cuda,3,atomic_reduction_v8.block_128,834.299,GB/s,higher,primary,baseline/results/951758/atomicReduction-cuda/run-3.log
atomicReduction-cuda,3,atomic_reduction_v16.block_128,722.367,GB/s,higher,primary,baseline/results/951758/atomicReduction-cuda/run-3.log
atomicReduction-cuda,3,atomic_reduction.block_256,702.896,GB/s,higher,primary,baseline/results/951758/atomicReduction-cuda/run-3.log
atomicReduction-cuda,3,atomic_reduction_v2.block_256,836.464,GB/s,higher,primary,baseline/results/951758/atomicReduction-cuda/run-3.log
atomicReduction-cuda,3,atomic_reduction_v4.block_256,863.54,GB/s,higher,primary,baseline/results/951758/atomicReduction-cuda/run-3.log
atomicReduction-cuda,3,atomic_reduction_v8.block_256,846.104,GB/s,higher,primary,baseline/results/951758/atomicReduction-cuda/run-3.log
atomicReduction-cuda,3,atomic_reduction_v16.block_256,728.311,GB/s,higher,primary,baseline/results/951758/atomicReduction-cuda/run-3.log
atomicReduction-cuda,3,atomic_reduction.block_512,752.64,GB/s,higher,primary,baseline/results/951758/atomicReduction-cuda/run-3.log
atomicReduction-cuda,3,atomic_reduction_v2.block_512,825.973,GB/s,higher,primary,baseline/results/951758/atomicReduction-cuda/run-3.log
atomicReduction-cuda,3,atomic_reduction_v4.block_512,850.981,GB/s,higher,primary,baseline/results/951758/atomicReduction-cuda/run-3.log
atomicReduction-cuda,3,atomic_reduction_v8.block_512,787.078,GB/s,higher,primary,baseline/results/951758/atomicReduction-cuda/run-3.log
atomicReduction-cuda,3,atomic_reduction_v16.block_512,686.959,GB/s,higher,primary,baseline/results/951758/atomicReduction-cuda/run-3.log
atomicReduction-cuda,3,atomic_reduction.block_1024,770.627,GB/s,higher,primary,baseline/results/951758/atomicReduction-cuda/run-3.log
atomicReduction-cuda,3,atomic_reduction_v2.block_1024,848.954,GB/s,higher,primary,baseline/results/951758/atomicReduction-cuda/run-3.log
atomicReduction-cuda,3,atomic_reduction_v4.block_1024,848.148,GB/s,higher,primary,baseline/results/951758/atomicReduction-cuda/run-3.log
atomicReduction-cuda,3,atomic_reduction_v8.block_1024,827.979,GB/s,higher,primary,baseline/results/951758/atomicReduction-cuda/run-3.log
atomicReduction-cuda,3,atomic_reduction_v16.block_1024,588.284,GB/s,higher,primary,baseline/results/951758/atomicReduction-cuda/run-3.log
atomicReduction-cuda,4,atomic_reduction.block_128,690.219,GB/s,higher,primary,baseline/results/951758/atomicReduction-cuda/run-4.log
atomicReduction-cuda,4,atomic_reduction_v2.block_128,846.038,GB/s,higher,primary,baseline/results/951758/atomicReduction-cuda/run-4.log
atomicReduction-cuda,4,atomic_reduction_v4.block_128,850.581,GB/s,higher,primary,baseline/results/951758/atomicReduction-cuda/run-4.log
atomicReduction-cuda,4,atomic_reduction_v8.block_128,833.999,GB/s,higher,primary,baseline/results/951758/atomicReduction-cuda/run-4.log
atomicReduction-cuda,4,atomic_reduction_v16.block_128,722.218,GB/s,higher,primary,baseline/results/951758/atomicReduction-cuda/run-4.log
atomicReduction-cuda,4,atomic_reduction.block_256,702.97,GB/s,higher,primary,baseline/results/951758/atomicReduction-cuda/run-4.log
atomicReduction-cuda,4,atomic_reduction_v2.block_256,837.321,GB/s,higher,primary,baseline/results/951758/atomicReduction-cuda/run-4.log
atomicReduction-cuda,4,atomic_reduction_v4.block_256,863.338,GB/s,higher,primary,baseline/results/951758/atomicReduction-cuda/run-4.log
atomicReduction-cuda,4,atomic_reduction_v8.block_256,846.134,GB/s,higher,primary,baseline/results/951758/atomicReduction-cuda/run-4.log
atomicReduction-cuda,4,atomic_reduction_v16.block_256,729.188,GB/s,higher,primary,baseline/results/951758/atomicReduction-cuda/run-4.log
atomicReduction-cuda,4,atomic_reduction.block_512,752.331,GB/s,higher,primary,baseline/results/951758/atomicReduction-cuda/run-4.log
atomicReduction-cuda,4,atomic_reduction_v2.block_512,825.238,GB/s,higher,primary,baseline/results/951758/atomicReduction-cuda/run-4.log
atomicReduction-cuda,4,atomic_reduction_v4.block_512,850.928,GB/s,higher,primary,baseline/results/951758/atomicReduction-cuda/run-4.log
atomicReduction-cuda,4,atomic_reduction_v8.block_512,787.501,GB/s,higher,primary,baseline/results/951758/atomicReduction-cuda/run-4.log
atomicReduction-cuda,4,atomic_reduction_v16.block_512,687.371,GB/s,higher,primary,baseline/results/951758/atomicReduction-cuda/run-4.log
atomicReduction-cuda,4,atomic_reduction.block_1024,770.511,GB/s,higher,primary,baseline/results/951758/atomicReduction-cuda/run-4.log
atomicReduction-cuda,4,atomic_reduction_v2.block_1024,848.871,GB/s,higher,primary,baseline/results/951758/atomicReduction-cuda/run-4.log
atomicReduction-cuda,4,atomic_reduction_v4.block_1024,847.876,GB/s,higher,primary,baseline/results/951758/atomicReduction-cuda/run-4.log
atomicReduction-cuda,4,atomic_reduction_v8.block_1024,828.415,GB/s,higher,primary,baseline/results/951758/atomicReduction-cuda/run-4.log
atomicReduction-cuda,4,atomic_reduction_v16.block_1024,588.874,GB/s,higher,primary,baseline/results/951758/atomicReduction-cuda/run-4.log
atomicReduction-cuda,5,atomic_reduction.block_128,691.094,GB/s,higher,primary,baseline/results/951758/atomicReduction-cuda/run-5.log
atomicReduction-cuda,5,atomic_reduction_v2.block_128,845.17,GB/s,higher,primary,baseline/results/951758/atomicReduction-cuda/run-5.log
atomicReduction-cuda,5,atomic_reduction_v4.block_128,851.729,GB/s,higher,primary,baseline/results/951758/atomicReduction-cuda/run-5.log
atomicReduction-cuda,5,atomic_reduction_v8.block_128,834.673,GB/s,higher,primary,baseline/results/951758/atomicReduction-cuda/run-5.log
atomicReduction-cuda,5,atomic_reduction_v16.block_128,722.49,GB/s,higher,primary,baseline/results/951758/atomicReduction-cuda/run-5.log
atomicReduction-cuda,5,atomic_reduction.block_256,703.595,GB/s,higher,primary,baseline/results/951758/atomicReduction-cuda/run-5.log
atomicReduction-cuda,5,atomic_reduction_v2.block_256,837.439,GB/s,higher,primary,baseline/results/951758/atomicReduction-cuda/run-5.log
atomicReduction-cuda,5,atomic_reduction_v4.block_256,863.378,GB/s,higher,primary,baseline/results/951758/atomicReduction-cuda/run-5.log
atomicReduction-cuda,5,atomic_reduction_v8.block_256,846.157,GB/s,higher,primary,baseline/results/951758/atomicReduction-cuda/run-5.log
atomicReduction-cuda,5,atomic_reduction_v16.block_256,728.684,GB/s,higher,primary,baseline/results/951758/atomicReduction-cuda/run-5.log
atomicReduction-cuda,5,atomic_reduction.block_512,752.993,GB/s,higher,primary,baseline/results/951758/atomicReduction-cuda/run-5.log
atomicReduction-cuda,5,atomic_reduction_v2.block_512,825.838,GB/s,higher,primary,baseline/results/951758/atomicReduction-cuda/run-5.log
atomicReduction-cuda,5,atomic_reduction_v4.block_512,850.771,GB/s,higher,primary,baseline/results/951758/atomicReduction-cuda/run-5.log
atomicReduction-cuda,5,atomic_reduction_v8.block_512,789.088,GB/s,higher,primary,baseline/results/951758/atomicReduction-cuda/run-5.log
atomicReduction-cuda,5,atomic_reduction_v16.block_512,688.185,GB/s,higher,primary,baseline/results/951758/atomicReduction-cuda/run-5.log
atomicReduction-cuda,5,atomic_reduction.block_1024,770.264,GB/s,higher,primary,baseline/results/951758/atomicReduction-cuda/run-5.log
atomicReduction-cuda,5,atomic_reduction_v2.block_1024,849.124,GB/s,higher,primary,baseline/results/951758/atomicReduction-cuda/run-5.log
atomicReduction-cuda,5,atomic_reduction_v4.block_1024,848.097,GB/s,higher,primary,baseline/results/951758/atomicReduction-cuda/run-5.log
atomicReduction-cuda,5,atomic_reduction_v8.block_1024,828.573,GB/s,higher,primary,baseline/results/951758/atomicReduction-cuda/run-5.log
atomicReduction-cuda,5,atomic_reduction_v16.block_1024,587.564,GB/s,higher,primary,baseline/results/951758/atomicReduction-cuda/run-5.log
bfs-cuda,1,total_kernel_execution_time,1.001259033,ms,lower,primary,baseline/results/951758/bfs-cuda/run-1.log
bfs-cuda,2,total_kernel_execution_time,0.994261047,ms,lower,primary,baseline/results/951758/bfs-cuda/run-2.log
bfs-cuda,3,total_kernel_execution_time,1.002798035,ms,lower,primary,baseline/results/951758/bfs-cuda/run-3.log
bfs-cuda,4,total_kernel_execution_time,0.994903076,ms,lower,primary,baseline/results/951758/bfs-cuda/run-4.log
bfs-cuda,5,total_kernel_execution_time,1.004023071,ms,lower,primary,baseline/results/951758/bfs-cuda/run-5.log
bilateral-cuda,1,average_kernel_execution_time.3x3,0.92044,ms,lower,primary,baseline/results/951758/bilateral-cuda/run-1.log
bilateral-cuda,1,average_kernel_execution_time.6x6,3.405393,ms,lower,primary,baseline/results/951758/bilateral-cuda/run-1.log
bilateral-cuda,1,average_kernel_execution_time.9x9,7.276219,ms,lower,primary,baseline/results/951758/bilateral-cuda/run-1.log
bilateral-cuda,2,average_kernel_execution_time.3x3,0.920105,ms,lower,primary,baseline/results/951758/bilateral-cuda/run-2.log
bilateral-cuda,2,average_kernel_execution_time.6x6,3.414552,ms,lower,primary,baseline/results/951758/bilateral-cuda/run-2.log
bilateral-cuda,2,average_kernel_execution_time.9x9,7.274392,ms,lower,primary,baseline/results/951758/bilateral-cuda/run-2.log
bilateral-cuda,3,average_kernel_execution_time.3x3,0.964654,ms,lower,primary,baseline/results/951758/bilateral-cuda/run-3.log
bilateral-cuda,3,average_kernel_execution_time.6x6,3.413112,ms,lower,primary,baseline/results/951758/bilateral-cuda/run-3.log
bilateral-cuda,3,average_kernel_execution_time.9x9,7.276366,ms,lower,primary,baseline/results/951758/bilateral-cuda/run-3.log
bilateral-cuda,4,average_kernel_execution_time.3x3,0.919893,ms,lower,primary,baseline/results/951758/bilateral-cuda/run-4.log
bilateral-cuda,4,average_kernel_execution_time.6x6,3.413899,ms,lower,primary,baseline/results/951758/bilateral-cuda/run-4.log
bilateral-cuda,4,average_kernel_execution_time.9x9,7.277159,ms,lower,primary,baseline/results/951758/bilateral-cuda/run-4.log
bilateral-cuda,5,average_kernel_execution_time.3x3,0.920257,ms,lower,primary,baseline/results/951758/bilateral-cuda/run-5.log
bilateral-cuda,5,average_kernel_execution_time.6x6,3.415581,ms,lower,primary,baseline/results/951758/bilateral-cuda/run-5.log
bilateral-cuda,5,average_kernel_execution_time.9x9,7.277679,ms,lower,primary,baseline/results/951758/bilateral-cuda/run-5.log
bscan-cuda,1,block_32.execution_time,0.173924418,ms,lower,primary,baseline/results/951758/bscan-cuda/run-1.log
bscan-cuda,1,block_32.throughput,11.127593,GElements/s,higher,secondary,baseline/results/951758/bscan-cuda/run-1.log
bscan-cuda,1,block_64.execution_time,0.341049274,ms,lower,primary,baseline/results/951758/bscan-cuda/run-1.log
bscan-cuda,1,block_64.throughput,11.349446,GElements/s,higher,secondary,baseline/results/951758/bscan-cuda/run-1.log
bscan-cuda,1,block_128.execution_time,0.34110151000000005,ms,lower,primary,baseline/results/951758/bscan-cuda/run-1.log
bscan-cuda,1,block_128.throughput,22.695415,GElements/s,higher,secondary,baseline/results/951758/bscan-cuda/run-1.log
bscan-cuda,1,block_256.execution_time,0.67600365,ms,lower,primary,baseline/results/951758/bscan-cuda/run-1.log
bscan-cuda,1,block_256.throughput,22.903546,GElements/s,higher,secondary,baseline/results/951758/bscan-cuda/run-1.log
bscan-cuda,1,block_512.execution_time,0.675914741,ms,lower,primary,baseline/results/951758/bscan-cuda/run-1.log
bscan-cuda,1,block_512.throughput,45.813118,GElements/s,higher,secondary,baseline/results/951758/bscan-cuda/run-1.log
bscan-cuda,1,block_1024.execution_time,0.676201237,ms,lower,primary,baseline/results/951758/bscan-cuda/run-1.log
bscan-cuda,1,block_1024.throughput,91.587414,GElements/s,higher,secondary,baseline/results/951758/bscan-cuda/run-1.log
bscan-cuda,2,block_32.execution_time,0.173884169,ms,lower,primary,baseline/results/951758/bscan-cuda/run-2.log
bscan-cuda,2,block_32.throughput,11.130168,GElements/s,higher,secondary,baseline/results/951758/bscan-cuda/run-2.log
bscan-cuda,2,block_64.execution_time,0.341022785,ms,lower,primary,baseline/results/951758/bscan-cuda/run-2.log
bscan-cuda,2,block_64.throughput,11.350327,GElements/s,higher,secondary,baseline/results/951758/bscan-cuda/run-2.log
bscan-cuda,2,block_128.execution_time,0.34115275700000003,ms,lower,primary,baseline/results/951758/bscan-cuda/run-2.log
bscan-cuda,2,block_128.throughput,22.692006,GElements/s,higher,secondary,baseline/results/951758/bscan-cuda/run-2.log
bscan-cuda,2,block_256.execution_time,0.67601919,ms,lower,primary,baseline/results/951758/bscan-cuda/run-2.log
bscan-cuda,2,block_256.throughput,22.90302,GElements/s,higher,secondary,baseline/results/951758/bscan-cuda/run-2.log
bscan-cuda,2,block_512.execution_time,0.675925303,ms,lower,primary,baseline/results/951758/bscan-cuda/run-2.log
bscan-cuda,2,block_512.throughput,45.812402,GElements/s,higher,secondary,baseline/results/951758/bscan-cuda/run-2.log
bscan-cuda,2,block_1024.execution_time,0.676225459,ms,lower,primary,baseline/results/951758/bscan-cuda/run-2.log
bscan-cuda,2,block_1024.throughput,91.584134,GElements/s,higher,secondary,baseline/results/951758/bscan-cuda/run-2.log
bscan-cuda,3,block_32.execution_time,0.17403940399999998,ms,lower,primary,baseline/results/951758/bscan-cuda/run-3.log
bscan-cuda,3,block_32.throughput,11.120241,GElements/s,higher,secondary,baseline/results/951758/bscan-cuda/run-3.log
bscan-cuda,3,block_64.execution_time,0.341339659,ms,lower,primary,baseline/results/951758/bscan-cuda/run-3.log
bscan-cuda,3,block_64.throughput,11.33979,GElements/s,higher,secondary,baseline/results/951758/bscan-cuda/run-3.log
bscan-cuda,3,block_128.execution_time,0.341513734,ms,lower,primary,baseline/results/951758/bscan-cuda/run-3.log
bscan-cuda,3,block_128.throughput,22.668021,GElements/s,higher,secondary,baseline/results/951758/bscan-cuda/run-3.log
bscan-cuda,3,block_256.execution_time,0.676147481,ms,lower,primary,baseline/results/951758/bscan-cuda/run-3.log
bscan-cuda,3,block_256.throughput,22.898674,GElements/s,higher,secondary,baseline/results/951758/bscan-cuda/run-3.log
bscan-cuda,3,block_512.execution_time,0.676075716,ms,lower,primary,baseline/results/951758/bscan-cuda/run-3.log
bscan-cuda,3,block_512.throughput,45.802209,GElements/s,higher,secondary,baseline/results/951758/bscan-cuda/run-3.log
bscan-cuda,3,block_1024.execution_time,0.67635502,ms,lower,primary,baseline/results/951758/bscan-cuda/run-3.log
bscan-cuda,3,block_1024.throughput,91.56659,GElements/s,higher,secondary,baseline/results/951758/bscan-cuda/run-3.log
bscan-cuda,4,block_32.execution_time,0.17404903600000002,ms,lower,primary,baseline/results/951758/bscan-cuda/run-4.log
bscan-cuda,4,block_32.throughput,11.119625,GElements/s,higher,secondary,baseline/results/951758/bscan-cuda/run-4.log
bscan-cuda,4,block_64.execution_time,0.341291471,ms,lower,primary,baseline/results/951758/bscan-cuda/run-4.log
bscan-cuda,4,block_64.throughput,11.341391,GElements/s,higher,secondary,baseline/results/951758/bscan-cuda/run-4.log
bscan-cuda,4,block_128.execution_time,0.341339822,ms,lower,primary,baseline/results/951758/bscan-cuda/run-4.log
bscan-cuda,4,block_128.throughput,22.67957,GElements/s,higher,secondary,baseline/results/951758/bscan-cuda/run-4.log
bscan-cuda,4,block_256.execution_time,0.676181743,ms,lower,primary,baseline/results/951758/bscan-cuda/run-4.log
bscan-cuda,4,block_256.throughput,22.897514,GElements/s,higher,secondary,baseline/results/951758/bscan-cuda/run-4.log
bscan-cuda,4,block_512.execution_time,0.676116546,ms,lower,primary,baseline/results/951758/bscan-cuda/run-4.log
bscan-cuda,4,block_512.throughput,45.799443,GElements/s,higher,secondary,baseline/results/951758/bscan-cuda/run-4.log
bscan-cuda,4,block_1024.execution_time,0.676245435,ms,lower,primary,baseline/results/951758/bscan-cuda/run-4.log
bscan-cuda,4,block_1024.throughput,91.581428,GElements/s,higher,secondary,baseline/results/951758/bscan-cuda/run-4.log
bscan-cuda,5,block_32.execution_time,0.17390929700000002,ms,lower,primary,baseline/results/951758/bscan-cuda/run-5.log
bscan-cuda,5,block_32.throughput,11.12856,GElements/s,higher,secondary,baseline/results/951758/bscan-cuda/run-5.log
bscan-cuda,5,block_64.execution_time,0.341102757,ms,lower,primary,baseline/results/951758/bscan-cuda/run-5.log
bscan-cuda,5,block_64.throughput,11.347666,GElements/s,higher,secondary,baseline/results/951758/bscan-cuda/run-5.log
bscan-cuda,5,block_128.execution_time,0.341159094,ms,lower,primary,baseline/results/951758/bscan-cuda/run-5.log
bscan-cuda,5,block_128.throughput,22.691584,GElements/s,higher,secondary,baseline/results/951758/bscan-cuda/run-5.log
bscan-cuda,5,block_256.execution_time,0.6762654659999999,ms,lower,primary,baseline/results/951758/bscan-cuda/run-5.log
bscan-cuda,5,block_256.throughput,22.894679,GElements/s,higher,secondary,baseline/results/951758/bscan-cuda/run-5.log
bscan-cuda,5,block_512.execution_time,0.675996884,ms,lower,primary,baseline/results/951758/bscan-cuda/run-5.log
bscan-cuda,5,block_512.throughput,45.807551,GElements/s,higher,secondary,baseline/results/951758/bscan-cuda/run-5.log
bscan-cuda,5,block_1024.execution_time,0.6761553020000001,ms,lower,primary,baseline/results/951758/bscan-cuda/run-5.log
bscan-cuda,5,block_1024.throughput,91.593636,GElements/s,higher,secondary,baseline/results/951758/bscan-cuda/run-5.log
convolution1D-cuda,1,mask_3.fp64.conv1d.block_64,2.982854004,ms,lower,primary,baseline/results/951758/convolution1D-cuda/run-1.log
convolution1D-cuda,1,mask_3.fp64.conv1d.block_128,2.679238281,ms,lower,primary,baseline/results/951758/convolution1D-cuda/run-1.log
convolution1D-cuda,1,mask_3.fp64.conv1d.block_256,2.683385986,ms,lower,primary,baseline/results/951758/convolution1D-cuda/run-1.log
convolution1D-cuda,1,mask_3.fp64.conv1d.block_512,2.69141748,ms,lower,primary,baseline/results/951758/convolution1D-cuda/run-1.log
convolution1D-cuda,1,mask_3.fp64.conv1d.block_1024,2.711652588,ms,lower,primary,baseline/results/951758/convolution1D-cuda/run-1.log
convolution1D-cuda,1,mask_3.fp64.conv1d-tiled.block_64,2.984262939,ms,lower,primary,baseline/results/951758/convolution1D-cuda/run-1.log
convolution1D-cuda,1,mask_3.fp64.conv1d-tiled.block_128,2.774318848,ms,lower,primary,baseline/results/951758/convolution1D-cuda/run-1.log
convolution1D-cuda,1,mask_3.fp64.conv1d-tiled.block_256,2.796805664,ms,lower,primary,baseline/results/951758/convolution1D-cuda/run-1.log
convolution1D-cuda,1,mask_3.fp64.conv1d-tiled.block_512,2.8039016109999997,ms,lower,primary,baseline/results/951758/convolution1D-cuda/run-1.log
convolution1D-cuda,1,mask_3.fp64.conv1d-tiled.block_1024,2.8097546390000003,ms,lower,primary,baseline/results/951758/convolution1D-cuda/run-1.log
convolution1D-cuda,1,mask_3.fp64.conv1d-tiled-caching.block_64,2.986742188,ms,lower,primary,baseline/results/951758/convolution1D-cuda/run-1.log
convolution1D-cuda,1,mask_3.fp64.conv1d-tiled-caching.block_128,2.703639893,ms,lower,primary,baseline/results/951758/convolution1D-cuda/run-1.log
convolution1D-cuda,1,mask_3.fp64.conv1d-tiled-caching.block_256,2.7074929200000004,ms,lower,primary,baseline/results/951758/convolution1D-cuda/run-1.log
convolution1D-cuda,1,mask_3.fp64.conv1d-tiled-caching.block_512,2.7243278810000002,ms,lower,primary,baseline/results/951758/convolution1D-cuda/run-1.log
convolution1D-cuda,1,mask_3.fp64.conv1d-tiled-caching.block_1024,2.734627441,ms,lower,primary,baseline/results/951758/convolution1D-cuda/run-1.log
convolution1D-cuda,1,mask_3.fp32.conv1d.block_64,2.96791333,ms,lower,primary,baseline/results/951758/convolution1D-cuda/run-1.log
convolution1D-cuda,1,mask_3.fp32.conv1d.block_128,1.505513794,ms,lower,primary,baseline/results/951758/convolution1D-cuda/run-1.log
convolution1D-cuda,1,mask_3.fp32.conv1d.block_256,1.419582275,ms,lower,primary,baseline/results/951758/convolution1D-cuda/run-1.log
convolution1D-cuda,1,mask_3.fp32.conv1d.block_512,1.4241561280000001,ms,lower,primary,baseline/results/951758/convolution1D-cuda/run-1.log
convolution1D-cuda,1,mask_3.fp32.conv1d.block_1024,1.434109131,ms,lower,primary,baseline/results/951758/convolution1D-cuda/run-1.log
convolution1D-cuda,1,mask_3.fp32.conv1d-tiled.block_64,2.9691162110000002,ms,lower,primary,baseline/results/951758/convolution1D-cuda/run-1.log
convolution1D-cuda,1,mask_3.fp32.conv1d-tiled.block_128,1.7492243650000001,ms,lower,primary,baseline/results/951758/convolution1D-cuda/run-1.log
convolution1D-cuda,1,mask_3.fp32.conv1d-tiled.block_256,1.680099365,ms,lower,primary,baseline/results/951758/convolution1D-cuda/run-1.log
convolution1D-cuda,1,mask_3.fp32.conv1d-tiled.block_512,1.6726920170000001,ms,lower,primary,baseline/results/951758/convolution1D-cuda/run-1.log
convolution1D-cuda,1,mask_3.fp32.conv1d-tiled.block_1024,1.706253784,ms,lower,primary,baseline/results/951758/convolution1D-cuda/run-1.log
convolution1D-cuda,1,mask_3.fp32.conv1d-tiled-caching.block_64,2.968296143,ms,lower,primary,baseline/results/951758/convolution1D-cuda/run-1.log
convolution1D-cuda,1,mask_3.fp32.conv1d-tiled-caching.block_128,1.726045044,ms,lower,primary,baseline/results/951758/convolution1D-cuda/run-1.log
convolution1D-cuda,1,mask_3.fp32.conv1d-tiled-caching.block_256,1.642063599,ms,lower,primary,baseline/results/951758/convolution1D-cuda/run-1.log
convolution1D-cuda,1,mask_3.fp32.conv1d-tiled-caching.block_512,1.662174805,ms,lower,primary,baseline/results/951758/convolution1D-cuda/run-1.log
convolution1D-cuda,1,mask_3.fp32.conv1d-tiled-caching.block_1024,1.6369052730000002,ms,lower,primary,baseline/results/951758/convolution1D-cuda/run-1.log
convolution1D-cuda,1,mask_3.int16.conv1d.block_64,2.96594873,ms,lower,primary,baseline/results/951758/convolution1D-cuda/run-1.log
convolution1D-cuda,1,mask_3.int16.conv1d.block_128,1.487533203,ms,lower,primary,baseline/results/951758/convolution1D-cuda/run-1.log
convolution1D-cuda,1,mask_3.int16.conv1d.block_256,1.130151611,ms,lower,primary,baseline/results/951758/convolution1D-cuda/run-1.log
convolution1D-cuda,1,mask_3.int16.conv1d.block_512,1.100290283,ms,lower,primary,baseline/results/951758/convolution1D-cuda/run-1.log
convolution1D-cuda,1,mask_3.int16.conv1d.block_1024,1.1192738039999999,ms,lower,primary,baseline/results/951758/convolution1D-cuda/run-1.log
convolution1D-cuda,1,mask_3.int16.conv1d-tiled.block_64,2.9667490229999998,ms,lower,primary,baseline/results/951758/convolution1D-cuda/run-1.log
convolution1D-cuda,1,mask_3.int16.conv1d-tiled.block_128,1.497165405,ms,lower,primary,baseline/results/951758/convolution1D-cuda/run-1.log
convolution1D-cuda,1,mask_3.int16.conv1d-tiled.block_256,1.340897217,ms,lower,primary,baseline/results/951758/convolution1D-cuda/run-1.log
convolution1D-cuda,1,mask_3.int16.conv1d-tiled.block_512,1.2924045410000002,ms,lower,primary,baseline/results/951758/convolution1D-cuda/run-1.log
convolution1D-cuda,1,mask_3.int16.conv1d-tiled.block_1024,1.315225464,ms,lower,primary,baseline/results/951758/convolution1D-cuda/run-1.log
convolution1D-cuda,1,mask_3.int16.conv1d-tiled-caching.block_64,2.967501953,ms,lower,primary,baseline/results/951758/convolution1D-cuda/run-1.log
convolution1D-cuda,1,mask_3.int16.conv1d-tiled-caching.block_128,1.49244397,ms,lower,primary,baseline/results/951758/convolution1D-cuda/run-1.log
convolution1D-cuda,1,mask_3.int16.conv1d-tiled-caching.block_256,1.345777466,ms,lower,primary,baseline/results/951758/convolution1D-cuda/run-1.log
convolution1D-cuda,1,mask_3.int16.conv1d-tiled-caching.block_512,1.394072876,ms,lower,primary,baseline/results/951758/convolution1D-cuda/run-1.log
convolution1D-cuda,1,mask_3.int16.conv1d-tiled-caching.block_1024,1.470364014,ms,lower,primary,baseline/results/951758/convolution1D-cuda/run-1.log
convolution1D-cuda,1,mask_5.fp64.conv1d.block_64,2.996008057,ms,lower,primary,baseline/results/951758/convolution1D-cuda/run-1.log
convolution1D-cuda,1,mask_5.fp64.conv1d.block_128,2.684514648,ms,lower,primary,baseline/results/951758/convolution1D-cuda/run-1.log
convolution1D-cuda,1,mask_5.fp64.conv1d.block_256,2.684531982,ms,lower,primary,baseline/results/951758/convolution1D-cuda/run-1.log
convolution1D-cuda,1,mask_5.fp64.conv1d.block_512,2.687998291,ms,lower,primary,baseline/results/951758/convolution1D-cuda/run-1.log
convolution1D-cuda,1,mask_5.fp64.conv1d.block_1024,2.7107077640000004,ms,lower,primary,baseline/results/951758/convolution1D-cuda/run-1.log
convolution1D-cuda,1,mask_5.fp64.conv1d-tiled.block_64,2.98951001,ms,lower,primary,baseline/results/951758/convolution1D-cuda/run-1.log
convolution1D-cuda,1,mask_5.fp64.conv1d-tiled.block_128,2.833995117,ms,lower,primary,baseline/results/951758/convolution1D-cuda/run-1.log
convolution1D-cuda,1,mask_5.fp64.conv1d-tiled.block_256,2.859462158,ms,lower,primary,baseline/results/951758/convolution1D-cuda/run-1.log
convolution1D-cuda,1,mask_5.fp64.conv1d-tiled.block_512,2.883500977,ms,lower,primary,baseline/results/951758/convolution1D-cuda/run-1.log
convolution1D-cuda,1,mask_5.fp64.conv1d-tiled.block_1024,2.9167934570000003,ms,lower,primary,baseline/results/951758/convolution1D-cuda/run-1.log
convolution1D-cuda,1,mask_5.fp64.conv1d-tiled-caching.block_64,3.002176758,ms,lower,primary,baseline/results/951758/convolution1D-cuda/run-1.log
convolution1D-cuda,1,mask_5.fp64.conv1d-tiled-caching.block_128,2.7264184570000003,ms,lower,primary,baseline/results/951758/convolution1D-cuda/run-1.log
convolution1D-cuda,1,mask_5.fp64.conv1d-tiled-caching.block_256,2.724334473,ms,lower,primary,baseline/results/951758/convolution1D-cuda/run-1.log
convolution1D-cuda,1,mask_5.fp64.conv1d-tiled-caching.block_512,2.734988281,ms,lower,primary,baseline/results/951758/convolution1D-cuda/run-1.log
convolution1D-cuda,1,mask_5.fp64.conv1d-tiled-caching.block_1024,2.753028564,ms,lower,primary,baseline/results/951758/convolution1D-cuda/run-1.log
convolution1D-cuda,1,mask_5.fp32.conv1d.block_64,2.9987509770000003,ms,lower,primary,baseline/results/951758/convolution1D-cuda/run-1.log
convolution1D-cuda,1,mask_5.fp32.conv1d.block_128,1.4886473390000001,ms,lower,primary,baseline/results/951758/convolution1D-cuda/run-1.log
convolution1D-cuda,1,mask_5.fp32.conv1d.block_256,1.414120361,ms,lower,primary,baseline/results/951758/convolution1D-cuda/run-1.log
convolution1D-cuda,1,mask_5.fp32.conv1d.block_512,1.41152063,ms,lower,primary,baseline/results/951758/convolution1D-cuda/run-1.log
convolution1D-cuda,1,mask_5.fp32.conv1d.block_1024,1.45019104,ms,lower,primary,baseline/results/951758/convolution1D-cuda/run-1.log
convolution1D-cuda,1,mask_5.fp32.conv1d-tiled.block_64,2.970463867,ms,lower,primary,baseline/results/951758/convolution1D-cuda/run-1.log
convolution1D-cuda,1,mask_5.fp32.conv1d-tiled.block_128,1.8070952150000001,ms,lower,primary,baseline/results/951758/convolution1D-cuda/run-1.log
convolution1D-cuda,1,mask_5.fp32.conv1d-tiled.block_256,1.756513428,ms,lower,primary,baseline/results/951758/convolution1D-cuda/run-1.log
convolution1D-cuda,1,mask_5.fp32.conv1d-tiled.block_512,1.765184692,ms,lower,primary,baseline/results/951758/convolution1D-cuda/run-1.log
convolution1D-cuda,1,mask_5.fp32.conv1d-tiled.block_1024,1.8101802980000001,ms,lower,primary,baseline/results/951758/convolution1D-cuda/run-1.log
convolution1D-cuda,1,mask_5.fp32.conv1d-tiled-caching.block_64,2.9703952640000004,ms,lower,primary,baseline/results/951758/convolution1D-cuda/run-1.log
convolution1D-cuda,1,mask_5.fp32.conv1d-tiled-caching.block_128,1.869121094,ms,lower,primary,baseline/results/951758/convolution1D-cuda/run-1.log
convolution1D-cuda,1,mask_5.fp32.conv1d-tiled-caching.block_256,1.769564941,ms,lower,primary,baseline/results/951758/convolution1D-cuda/run-1.log
convolution1D-cuda,1,mask_5.fp32.conv1d-tiled-caching.block_512,1.7810958250000002,ms,lower,primary,baseline/results/951758/convolution1D-cuda/run-1.log
convolution1D-cuda,1,mask_5.fp32.conv1d-tiled-caching.block_1024,1.843227417,ms,lower,primary,baseline/results/951758/convolution1D-cuda/run-1.log
convolution1D-cuda,1,mask_5.int16.conv1d.block_64,2.967464111,ms,lower,primary,baseline/results/951758/convolution1D-cuda/run-1.log
convolution1D-cuda,1,mask_5.int16.conv1d.block_128,1.486256592,ms,lower,primary,baseline/results/951758/convolution1D-cuda/run-1.log
convolution1D-cuda,1,mask_5.int16.conv1d.block_256,1.166095947,ms,lower,primary,baseline/results/951758/convolution1D-cuda/run-1.log
convolution1D-cuda,1,mask_5.int16.conv1d.block_512,1.169012573,ms,lower,primary,baseline/results/951758/convolution1D-cuda/run-1.log
convolution1D-cuda,1,mask_5.int16.conv1d.block_1024,1.285971802,ms,lower,primary,baseline/results/951758/convolution1D-cuda/run-1.log
convolution1D-cuda,1,mask_5.int16.conv1d-tiled.block_64,2.967279297,ms,lower,primary,baseline/results/951758/convolution1D-cuda/run-1.log
convolution1D-cuda,1,mask_5.int16.conv1d-tiled.block_128,1.562311035,ms,lower,primary,baseline/results/951758/convolution1D-cuda/run-1.log
convolution1D-cuda,1,mask_5.int16.conv1d-tiled.block_256,1.500907104,ms,lower,primary,baseline/results/951758/convolution1D-cuda/run-1.log
convolution1D-cuda,1,mask_5.int16.conv1d-tiled.block_512,1.4725081789999999,ms,lower,primary,baseline/results/951758/convolution1D-cuda/run-1.log
convolution1D-cuda,1,mask_5.int16.conv1d-tiled.block_1024,1.4987979740000001,ms,lower,primary,baseline/results/951758/convolution1D-cuda/run-1.log
convolution1D-cuda,1,mask_5.int16.conv1d-tiled-caching.block_64,2.9670227049999998,ms,lower,primary,baseline/results/951758/convolution1D-cuda/run-1.log
convolution1D-cuda,1,mask_5.int16.conv1d-tiled-caching.block_128,1.5926207280000002,ms,lower,primary,baseline/results/951758/convolution1D-cuda/run-1.log
convolution1D-cuda,1,mask_5.int16.conv1d-tiled-caching.block_256,1.5690114750000002,ms,lower,primary,baseline/results/951758/convolution1D-cuda/run-1.log
convolution1D-cuda,1,mask_5.int16.conv1d-tiled-caching.block_512,1.6176102289999998,ms,lower,primary,baseline/results/951758/convolution1D-cuda/run-1.log
convolution1D-cuda,1,mask_5.int16.conv1d-tiled-caching.block_1024,1.748442749,ms,lower,primary,baseline/results/951758/convolution1D-cuda/run-1.log
convolution1D-cuda,1,mask_7.fp64.conv1d.block_64,3.021615723,ms,lower,primary,baseline/results/951758/convolution1D-cuda/run-1.log
convolution1D-cuda,1,mask_7.fp64.conv1d.block_128,2.700023682,ms,lower,primary,baseline/results/951758/convolution1D-cuda/run-1.log
convolution1D-cuda,1,mask_7.fp64.conv1d.block_256,2.702835205,ms,lower,primary,baseline/results/951758/convolution1D-cuda/run-1.log
convolution1D-cuda,1,mask_7.fp64.conv1d.block_512,2.711363281,ms,lower,primary,baseline/results/951758/convolution1D-cuda/run-1.log
convolution1D-cuda,1,mask_7.fp64.conv1d.block_1024,2.710868896,ms,lower,primary,baseline/results/951758/convolution1D-cuda/run-1.log
convolution1D-cuda,1,mask_7.fp64.conv1d-tiled.block_64,2.9952297359999998,ms,lower,primary,baseline/results/951758/convolution1D-cuda/run-1.log
convolution1D-cuda,1,mask_7.fp64.conv1d-tiled.block_128,2.904764648,ms,lower,primary,baseline/results/951758/convolution1D-cuda/run-1.log
convolution1D-cuda,1,mask_7.fp64.conv1d-tiled.block_256,2.961941895,ms,lower,primary,baseline/results/951758/convolution1D-cuda/run-1.log
convolution1D-cuda,1,mask_7.fp64.conv1d-tiled.block_512,2.997344482,ms,lower,primary,baseline/results/951758/convolution1D-cuda/run-1.log
convolution1D-cuda,1,mask_7.fp64.conv1d-tiled.block_1024,3.031678711,ms,lower,primary,baseline/results/951758/convolution1D-cuda/run-1.log
convolution1D-cuda,1,mask_7.fp64.conv1d-tiled-caching.block_64,3.0197014159999997,ms,lower,primary,baseline/results/951758/convolution1D-cuda/run-1.log
convolution1D-cuda,1,mask_7.fp64.conv1d-tiled-caching.block_128,2.7695690920000002,ms,lower,primary,baseline/results/951758/convolution1D-cuda/run-1.log
convolution1D-cuda,1,mask_7.fp64.conv1d-tiled-caching.block_256,2.763259521,ms,lower,primary,baseline/results/951758/convolution1D-cuda/run-1.log
convolution1D-cuda,1,mask_7.fp64.conv1d-tiled-caching.block_512,2.778571533,ms,lower,primary,baseline/results/951758/convolution1D-cuda/run-1.log
convolution1D-cuda,1,mask_7.fp64.conv1d-tiled-caching.block_1024,2.804592773,ms,lower,primary,baseline/results/951758/convolution1D-cuda/run-1.log
convolution1D-cuda,1,mask_7.fp32.conv1d.block_64,3.002914795,ms,lower,primary,baseline/results/951758/convolution1D-cuda/run-1.log
convolution1D-cuda,1,mask_7.fp32.conv1d.block_128,1.566998413,ms,lower,primary,baseline/results/951758/convolution1D-cuda/run-1.log
convolution1D-cuda,1,mask_7.fp32.conv1d.block_256,1.523867554,ms,lower,primary,baseline/results/951758/convolution1D-cuda/run-1.log
convolution1D-cuda,1,mask_7.fp32.conv1d.block_512,1.537037231,ms,lower,primary,baseline/results/951758/convolution1D-cuda/run-1.log
convolution1D-cuda,1,mask_7.fp32.conv1d.block_1024,1.580534302,ms,lower,primary,baseline/results/951758/convolution1D-cuda/run-1.log
convolution1D-cuda,1,mask_7.fp32.conv1d-tiled.block_64,2.9742316890000002,ms,lower,primary,baseline/results/951758/convolution1D-cuda/run-1.log
convolution1D-cuda,1,mask_7.fp32.conv1d-tiled.block_128,1.8988695070000001,ms,lower,primary,baseline/results/951758/convolution1D-cuda/run-1.log
convolution1D-cuda,1,mask_7.fp32.conv1d-tiled.block_256,1.885977051,ms,lower,primary,baseline/results/951758/convolution1D-cuda/run-1.log
convolution1D-cuda,1,mask_7.fp32.conv1d-tiled.block_512,1.90683313,ms,lower,primary,baseline/results/951758/convolution1D-cuda/run-1.log
convolution1D-cuda,1,mask_7.fp32.conv1d-tiled.block_1024,1.930099121,ms,lower,primary,baseline/results/951758/convolution1D-cuda/run-1.log
convolution1D-cuda,1,mask_7.fp32.conv1d-tiled-caching.block_64,2.980241211,ms,lower,primary,baseline/results/951758/convolution1D-cuda/run-1.log
convolution1D-cuda,1,mask_7.fp32.conv1d-tiled-caching.block_128,2.0626210940000003,ms,lower,primary,baseline/results/951758/convolution1D-cuda/run-1.log
convolution1D-cuda,1,mask_7.fp32.conv1d-tiled-caching.block_256,1.9766180420000001,ms,lower,primary,baseline/results/951758/convolution1D-cuda/run-1.log
convolution1D-cuda,1,mask_7.fp32.conv1d-tiled-caching.block_512,2.009012817,ms,lower,primary,baseline/results/951758/convolution1D-cuda/run-1.log
convolution1D-cuda,1,mask_7.fp32.conv1d-tiled-caching.block_1024,2.130233154,ms,lower,primary,baseline/results/951758/convolution1D-cuda/run-1.log
convolution1D-cuda,1,mask_7.int16.conv1d.block_64,2.980867676,ms,lower,primary,baseline/results/951758/convolution1D-cuda/run-1.log
convolution1D-cuda,1,mask_7.int16.conv1d.block_128,1.5736182859999999,ms,lower,primary,baseline/results/951758/convolution1D-cuda/run-1.log
convolution1D-cuda,1,mask_7.int16.conv1d.block_256,1.529955322,ms,lower,primary,baseline/results/951758/convolution1D-cuda/run-1.log
convolution1D-cuda,1,mask_7.int16.conv1d.block_512,1.522885132,ms,lower,primary,baseline/results/951758/convolution1D-cuda/run-1.log
convolution1D-cuda,1,mask_7.int16.conv1d.block_1024,1.621241211,ms,lower,primary,baseline/results/951758/convolution1D-cuda/run-1.log
convolution1D-cuda,1,mask_7.int16.conv1d-tiled.block_64,2.967363525,ms,lower,primary,baseline/results/951758/convolution1D-cuda/run-1.log
convolution1D-cuda,1,mask_7.int16.conv1d-tiled.block_128,1.776689453,ms,lower,primary,baseline/results/951758/convolution1D-cuda/run-1.log
convolution1D-cuda,1,mask_7.int16.conv1d-tiled.block_256,1.711385376,ms,lower,primary,baseline/results/951758/convolution1D-cuda/run-1.log
convolution1D-cuda,1,mask_7.int16.conv1d-tiled.block_512,1.684054321,ms,lower,primary,baseline/results/951758/convolution1D-cuda/run-1.log
convolution1D-cuda,1,mask_7.int16.conv1d-tiled.block_1024,1.7080045170000002,ms,lower,primary,baseline/results/951758/convolution1D-cuda/run-1.log
convolution1D-cuda,1,mask_7.int16.conv1d-tiled-caching.block_64,2.965929443,ms,lower,primary,baseline/results/951758/convolution1D-cuda/run-1.log
convolution1D-cuda,1,mask_7.int16.conv1d-tiled-caching.block_128,1.993170166,ms,lower,primary,baseline/results/951758/convolution1D-cuda/run-1.log
convolution1D-cuda,1,mask_7.int16.conv1d-tiled-caching.block_256,1.960549927,ms,lower,primary,baseline/results/951758/convolution1D-cuda/run-1.log
convolution1D-cuda,1,mask_7.int16.conv1d-tiled-caching.block_512,1.977192627,ms,lower,primary,baseline/results/951758/convolution1D-cuda/run-1.log
convolution1D-cuda,1,mask_7.int16.conv1d-tiled-caching.block_1024,2.1051291500000002,ms,lower,primary,baseline/results/951758/convolution1D-cuda/run-1.log
convolution1D-cuda,1,mask_9.fp64.conv1d.block_64,3.006102783,ms,lower,primary,baseline/results/951758/convolution1D-cuda/run-1.log
convolution1D-cuda,1,mask_9.fp64.conv1d.block_128,2.7044296880000003,ms,lower,primary,baseline/results/951758/convolution1D-cuda/run-1.log
convolution1D-cuda,1,mask_9.fp64.conv1d.block_256,2.70606543,ms,lower,primary,baseline/results/951758/convolution1D-cuda/run-1.log
convolution1D-cuda,1,mask_9.fp64.conv1d.block_512,2.7173666990000003,ms,lower,primary,baseline/results/951758/convolution1D-cuda/run-1.log
convolution1D-cuda,1,mask_9.fp64.conv1d.block_1024,2.7196645509999997,ms,lower,primary,baseline/results/951758/convolution1D-cuda/run-1.log
convolution1D-cuda,1,mask_9.fp64.conv1d-tiled.block_64,2.995920898,ms,lower,primary,baseline/results/951758/convolution1D-cuda/run-1.log
convolution1D-cuda,1,mask_9.fp64.conv1d-tiled.block_128,2.916711426,ms,lower,primary,baseline/results/951758/convolution1D-cuda/run-1.log
convolution1D-cuda,1,mask_9.fp64.conv1d-tiled.block_256,2.982250977,ms,lower,primary,baseline/results/951758/convolution1D-cuda/run-1.log
convolution1D-cuda,1,mask_9.fp64.conv1d-tiled.block_512,3.040917236,ms,lower,primary,baseline/results/951758/convolution1D-cuda/run-1.log
convolution1D-cuda,1,mask_9.fp64.conv1d-tiled.block_1024,3.080860352,ms,lower,primary,baseline/results/951758/convolution1D-cuda/run-1.log
convolution1D-cuda,1,mask_9.fp64.conv1d-tiled-caching.block_64,3.042015869,ms,lower,primary,baseline/results/951758/convolution1D-cuda/run-1.log
convolution1D-cuda,1,mask_9.fp64.conv1d-tiled-caching.block_128,2.816552734,ms,lower,primary,baseline/results/951758/convolution1D-cuda/run-1.log
convolution1D-cuda,1,mask_9.fp64.conv1d-tiled-caching.block_256,2.807731445,ms,lower,primary,baseline/results/951758/convolution1D-cuda/run-1.log
convolution1D-cuda,1,mask_9.fp64.conv1d-tiled-caching.block_512,2.8273317870000003,ms,lower,primary,baseline/results/951758/convolution1D-cuda/run-1.log
convolution1D-cuda,1,mask_9.fp64.conv1d-tiled-caching.block_1024,2.864836182,ms,lower,primary,baseline/results/951758/convolution1D-cuda/run-1.log
convolution1D-cuda,1,mask_9.fp32.conv1d.block_64,2.989268555,ms,lower,primary,baseline/results/951758/convolution1D-cuda/run-1.log
convolution1D-cuda,1,mask_9.fp32.conv1d.block_128,1.581502319,ms,lower,primary,baseline/results/951758/convolution1D-cuda/run-1.log
convolution1D-cuda,1,mask_9.fp32.conv1d.block_256,1.547820557,ms,lower,primary,baseline/results/951758/convolution1D-cuda/run-1.log
convolution1D-cuda,1,mask_9.fp32.conv1d.block_512,1.578418213,ms,lower,primary,baseline/results/951758/convolution1D-cuda/run-1.log
convolution1D-cuda,1,mask_9.fp32.conv1d.block_1024,1.625756592,ms,lower,primary,baseline/results/951758/convolution1D-cuda/run-1.log
convolution1D-cuda,1,mask_9.fp32.conv1d-tiled.block_64,2.9731899410000002,ms,lower,primary,baseline/results/951758/convolution1D-cuda/run-1.log
convolution1D-cuda,1,mask_9.fp32.conv1d-tiled.block_128,1.8441655270000001,ms,lower,primary,baseline/results/951758/convolution1D-cuda/run-1.log
convolution1D-cuda,1,mask_9.fp32.conv1d-tiled.block_256,1.809789917,ms,lower,primary,baseline/results/951758/convolution1D-cuda/run-1.log
convolution1D-cuda,1,mask_9.fp32.conv1d-tiled.block_512,1.825123535,ms,lower,primary,baseline/results/951758/convolution1D-cuda/run-1.log
convolution1D-cuda,1,mask_9.fp32.conv1d-tiled.block_1024,1.911180542,ms,lower,primary,baseline/results/951758/convolution1D-cuda/run-1.log
convolution1D-cuda,1,mask_9.fp32.conv1d-tiled-caching.block_64,2.974288574,ms,lower,primary,baseline/results/951758/convolution1D-cuda/run-1.log
convolution1D-cuda,1,mask_9.fp32.conv1d-tiled-caching.block_128,2.204583496,ms,lower,primary,baseline/results/951758/convolution1D-cuda/run-1.log
convolution1D-cuda,1,mask_9.fp32.conv1d-tiled-caching.block_256,2.124443359,ms,lower,primary,baseline/results/951758/convolution1D-cuda/run-1.log
convolution1D-cuda,1,mask_9.fp32.conv1d-tiled-caching.block_512,2.1630161130000003,ms,lower,primary,baseline/results/951758/convolution1D-cuda/run-1.log
convolution1D-cuda,1,mask_9.fp32.conv1d-tiled-caching.block_1024,2.2799880370000003,ms,lower,primary,baseline/results/951758/convolution1D-cuda/run-1.log
convolution1D-cuda,1,mask_9.int16.conv1d.block_64,3.006080811,ms,lower,primary,baseline/results/951758/convolution1D-cuda/run-1.log
convolution1D-cuda,1,mask_9.int16.conv1d.block_128,1.726623901,ms,lower,primary,baseline/results/951758/convolution1D-cuda/run-1.log
convolution1D-cuda,1,mask_9.int16.conv1d.block_256,1.6888729249999999,ms,lower,primary,baseline/results/951758/convolution1D-cuda/run-1.log
convolution1D-cuda,1,mask_9.int16.conv1d.block_512,1.6704526370000001,ms,lower,primary,baseline/results/951758/convolution1D-cuda/run-1.log
convolution1D-cuda,1,mask_9.int16.conv1d.block_1024,1.8323654790000001,ms,lower,primary,baseline/results/951758/convolution1D-cuda/run-1.log
convolution1D-cuda,1,mask_9.int16.conv1d-tiled.block_64,2.968318359,ms,lower,primary,baseline/results/951758/convolution1D-cuda/run-1.log
convolution1D-cuda,1,mask_9.int16.conv1d-tiled.block_128,1.736978516,ms,lower,primary,baseline/results/951758/convolution1D-cuda/run-1.log
convolution1D-cuda,1,mask_9.int16.conv1d-tiled.block_256,1.672485962,ms,lower,primary,baseline/results/951758/convolution1D-cuda/run-1.log
convolution1D-cuda,1,mask_9.int16.conv1d-tiled.block_512,1.657671143,ms,lower,primary,baseline/results/951758/convolution1D-cuda/run-1.log
convolution1D-cuda,1,mask_9.int16.conv1d-tiled.block_1024,1.6750379640000002,ms,lower,primary,baseline/results/951758/convolution1D-cuda/run-1.log
convolution1D-cuda,1,mask_9.int16.conv1d-tiled-caching.block_64,2.965632812,ms,lower,primary,baseline/results/951758/convolution1D-cuda/run-1.log
convolution1D-cuda,1,mask_9.int16.conv1d-tiled-caching.block_128,2.2141760250000004,ms,lower,primary,baseline/results/951758/convolution1D-cuda/run-1.log
convolution1D-cuda,1,mask_9.int16.conv1d-tiled-caching.block_256,2.171806396,ms,lower,primary,baseline/results/951758/convolution1D-cuda/run-1.log
convolution1D-cuda,1,mask_9.int16.conv1d-tiled-caching.block_512,2.177267578,ms,lower,primary,baseline/results/951758/convolution1D-cuda/run-1.log
convolution1D-cuda,1,mask_9.int16.conv1d-tiled-caching.block_1024,2.217279541,ms,lower,primary,baseline/results/951758/convolution1D-cuda/run-1.log
convolution1D-cuda,2,mask_3.fp64.conv1d.block_64,2.982915283,ms,lower,primary,baseline/results/951758/convolution1D-cuda/run-2.log
convolution1D-cuda,2,mask_3.fp64.conv1d.block_128,2.679257812,ms,lower,primary,baseline/results/951758/convolution1D-cuda/run-2.log
convolution1D-cuda,2,mask_3.fp64.conv1d.block_256,2.6834291990000003,ms,lower,primary,baseline/results/951758/convolution1D-cuda/run-2.log
convolution1D-cuda,2,mask_3.fp64.conv1d.block_512,2.6914721679999998,ms,lower,primary,baseline/results/951758/convolution1D-cuda/run-2.log
convolution1D-cuda,2,mask_3.fp64.conv1d.block_1024,2.711715576,ms,lower,primary,baseline/results/951758/convolution1D-cuda/run-2.log
convolution1D-cuda,2,mask_3.fp64.conv1d-tiled.block_64,2.984171143,ms,lower,primary,baseline/results/951758/convolution1D-cuda/run-2.log
convolution1D-cuda,2,mask_3.fp64.conv1d-tiled.block_128,2.774284668,ms,lower,primary,baseline/results/951758/convolution1D-cuda/run-2.log
convolution1D-cuda,2,mask_3.fp64.conv1d-tiled.block_256,2.79698584,ms,lower,primary,baseline/results/951758/convolution1D-cuda/run-2.log
convolution1D-cuda,2,mask_3.fp64.conv1d-tiled.block_512,2.804034424,ms,lower,primary,baseline/results/951758/convolution1D-cuda/run-2.log
convolution1D-cuda,2,mask_3.fp64.conv1d-tiled.block_1024,2.8097839359999996,ms,lower,primary,baseline/results/951758/convolution1D-cuda/run-2.log
convolution1D-cuda,2,mask_3.fp64.conv1d-tiled-caching.block_64,2.986884277,ms,lower,primary,baseline/results/951758/convolution1D-cuda/run-2.log
convolution1D-cuda,2,mask_3.fp64.conv1d-tiled-caching.block_128,2.7036220699999998,ms,lower,primary,baseline/results/951758/convolution1D-cuda/run-2.log
convolution1D-cuda,2,mask_3.fp64.conv1d-tiled-caching.block_256,2.707547363,ms,lower,primary,baseline/results/951758/convolution1D-cuda/run-2.log
convolution1D-cuda,2,mask_3.fp64.conv1d-tiled-caching.block_512,2.7242766109999996,ms,lower,primary,baseline/results/951758/convolution1D-cuda/run-2.log
convolution1D-cuda,2,mask_3.fp64.conv1d-tiled-caching.block_1024,2.7343728030000003,ms,lower,primary,baseline/results/951758/convolution1D-cuda/run-2.log
convolution1D-cuda,2,mask_3.fp32.conv1d.block_64,2.9679421390000003,ms,lower,primary,baseline/results/951758/convolution1D-cuda/run-2.log
convolution1D-cuda,2,mask_3.fp32.conv1d.block_128,1.505452637,ms,lower,primary,baseline/results/951758/convolution1D-cuda/run-2.log
convolution1D-cuda,2,mask_3.fp32.conv1d.block_256,1.419709717,ms,lower,primary,baseline/results/951758/convolution1D-cuda/run-2.log
convolution1D-cuda,2,mask_3.fp32.conv1d.block_512,1.424290405,ms,lower,primary,baseline/results/951758/convolution1D-cuda/run-2.log
convolution1D-cuda,2,mask_3.fp32.conv1d.block_1024,1.4342613530000001,ms,lower,primary,baseline/results/951758/convolution1D-cuda/run-2.log
convolution1D-cuda,2,mask_3.fp32.conv1d-tiled.block_64,2.969184326,ms,lower,primary,baseline/results/951758/convolution1D-cuda/run-2.log
convolution1D-cuda,2,mask_3.fp32.conv1d-tiled.block_128,1.748848389,ms,lower,primary,baseline/results/951758/convolution1D-cuda/run-2.log
convolution1D-cuda,2,mask_3.fp32.conv1d-tiled.block_256,1.6805506590000001,ms,lower,primary,baseline/results/951758/convolution1D-cuda/run-2.log
convolution1D-cuda,2,mask_3.fp32.conv1d-tiled.block_512,1.67291394,ms,lower,primary,baseline/results/951758/convolution1D-cuda/run-2.log
convolution1D-cuda,2,mask_3.fp32.conv1d-tiled.block_1024,1.706655518,ms,lower,primary,baseline/results/951758/convolution1D-cuda/run-2.log
convolution1D-cuda,2,mask_3.fp32.conv1d-tiled-caching.block_64,2.968343018,ms,lower,primary,baseline/results/951758/convolution1D-cuda/run-2.log
convolution1D-cuda,2,mask_3.fp32.conv1d-tiled-caching.block_128,1.725910034,ms,lower,primary,baseline/results/951758/convolution1D-cuda/run-2.log
convolution1D-cuda,2,mask_3.fp32.conv1d-tiled-caching.block_256,1.642429077,ms,lower,primary,baseline/results/951758/convolution1D-cuda/run-2.log
convolution1D-cuda,2,mask_3.fp32.conv1d-tiled-caching.block_512,1.6624523930000001,ms,lower,primary,baseline/results/951758/convolution1D-cuda/run-2.log
convolution1D-cuda,2,mask_3.fp32.conv1d-tiled-caching.block_1024,1.637283325,ms,lower,primary,baseline/results/951758/convolution1D-cuda/run-2.log
convolution1D-cuda,2,mask_3.int16.conv1d.block_64,2.9658903810000004,ms,lower,primary,baseline/results/951758/convolution1D-cuda/run-2.log
convolution1D-cuda,2,mask_3.int16.conv1d.block_128,1.487524536,ms,lower,primary,baseline/results/951758/convolution1D-cuda/run-2.log
convolution1D-cuda,2,mask_3.int16.conv1d.block_256,1.1302148440000002,ms,lower,primary,baseline/results/951758/convolution1D-cuda/run-2.log
convolution1D-cuda,2,mask_3.int16.conv1d.block_512,1.100301758,ms,lower,primary,baseline/results/951758/convolution1D-cuda/run-2.log
convolution1D-cuda,2,mask_3.int16.conv1d.block_1024,1.119047852,ms,lower,primary,baseline/results/951758/convolution1D-cuda/run-2.log
convolution1D-cuda,2,mask_3.int16.conv1d-tiled.block_64,2.966749512,ms,lower,primary,baseline/results/951758/convolution1D-cuda/run-2.log
convolution1D-cuda,2,mask_3.int16.conv1d-tiled.block_128,1.497130737,ms,lower,primary,baseline/results/951758/convolution1D-cuda/run-2.log
convolution1D-cuda,2,mask_3.int16.conv1d-tiled.block_256,1.3401929929999998,ms,lower,primary,baseline/results/951758/convolution1D-cuda/run-2.log
convolution1D-cuda,2,mask_3.int16.conv1d-tiled.block_512,1.292131226,ms,lower,primary,baseline/results/951758/convolution1D-cuda/run-2.log
convolution1D-cuda,2,mask_3.int16.conv1d-tiled.block_1024,1.3149926760000001,ms,lower,primary,baseline/results/951758/convolution1D-cuda/run-2.log
convolution1D-cuda,2,mask_3.int16.conv1d-tiled-caching.block_64,2.967543457,ms,lower,primary,baseline/results/951758/convolution1D-cuda/run-2.log
convolution1D-cuda,2,mask_3.int16.conv1d-tiled-caching.block_128,1.492552246,ms,lower,primary,baseline/results/951758/convolution1D-cuda/run-2.log
convolution1D-cuda,2,mask_3.int16.conv1d-tiled-caching.block_256,1.345437622,ms,lower,primary,baseline/results/951758/convolution1D-cuda/run-2.log
convolution1D-cuda,2,mask_3.int16.conv1d-tiled-caching.block_512,1.393858276,ms,lower,primary,baseline/results/951758/convolution1D-cuda/run-2.log
convolution1D-cuda,2,mask_3.int16.conv1d-tiled-caching.block_1024,1.470209351,ms,lower,primary,baseline/results/951758/convolution1D-cuda/run-2.log
convolution1D-cuda,2,mask_5.fp64.conv1d.block_64,2.995303223,ms,lower,primary,baseline/results/951758/convolution1D-cuda/run-2.log
convolution1D-cuda,2,mask_5.fp64.conv1d.block_128,2.684521973,ms,lower,primary,baseline/results/951758/convolution1D-cuda/run-2.log
convolution1D-cuda,2,mask_5.fp64.conv1d.block_256,2.68455957,ms,lower,primary,baseline/results/951758/convolution1D-cuda/run-2.log
convolution1D-cuda,2,mask_5.fp64.conv1d.block_512,2.6879916990000003,ms,lower,primary,baseline/results/951758/convolution1D-cuda/run-2.log
convolution1D-cuda,2,mask_5.fp64.conv1d.block_1024,2.710749512,ms,lower,primary,baseline/results/951758/convolution1D-cuda/run-2.log
convolution1D-cuda,2,mask_5.fp64.conv1d-tiled.block_64,2.989696289,ms,lower,primary,baseline/results/951758/convolution1D-cuda/run-2.log
convolution1D-cuda,2,mask_5.fp64.conv1d-tiled.block_128,2.833772705,ms,lower,primary,baseline/results/951758/convolution1D-cuda/run-2.log
convolution1D-cuda,2,mask_5.fp64.conv1d-tiled.block_256,2.859313232,ms,lower,primary,baseline/results/951758/convolution1D-cuda/run-2.log
convolution1D-cuda,2,mask_5.fp64.conv1d-tiled.block_512,2.883135498,ms,lower,primary,baseline/results/951758/convolution1D-cuda/run-2.log
convolution1D-cuda,2,mask_5.fp64.conv1d-tiled.block_1024,2.916581543,ms,lower,primary,baseline/results/951758/convolution1D-cuda/run-2.log
convolution1D-cuda,2,mask_5.fp64.conv1d-tiled-caching.block_64,3.0020166020000003,ms,lower,primary,baseline/results/951758/convolution1D-cuda/run-2.log
convolution1D-cuda,2,mask_5.fp64.conv1d-tiled-caching.block_128,2.7265197750000003,ms,lower,primary,baseline/results/951758/convolution1D-cuda/run-2.log
convolution1D-cuda,2,mask_5.fp64.conv1d-tiled-caching.block_256,2.724458252,ms,lower,primary,baseline/results/951758/convolution1D-cuda/run-2.log
convolution1D-cuda,2,mask_5.fp64.conv1d-tiled-caching.block_512,2.735354248,ms,lower,primary,baseline/results/951758/convolution1D-cuda/run-2.log
convolution1D-cuda,2,mask_5.fp64.conv1d-tiled-caching.block_1024,2.753054199,ms,lower,primary,baseline/results/951758/convolution1D-cuda/run-2.log
convolution1D-cuda,2,mask_5.fp32.conv1d.block_64,2.9885998540000003,ms,lower,primary,baseline/results/951758/convolution1D-cuda/run-2.log
convolution1D-cuda,2,mask_5.fp32.conv1d.block_128,1.488776245,ms,lower,primary,baseline/results/951758/convolution1D-cuda/run-2.log
convolution1D-cuda,2,mask_5.fp32.conv1d.block_256,1.4144250489999999,ms,lower,primary,baseline/results/951758/convolution1D-cuda/run-2.log
convolution1D-cuda,2,mask_5.fp32.conv1d.block_512,1.411653931,ms,lower,primary,baseline/results/951758/convolution1D-cuda/run-2.log
convolution1D-cuda,2,mask_5.fp32.conv1d.block_1024,1.450480103,ms,lower,primary,baseline/results/951758/convolution1D-cuda/run-2.log
convolution1D-cuda,2,mask_5.fp32.conv1d-tiled.block_64,2.970537598,ms,lower,primary,baseline/results/951758/convolution1D-cuda/run-2.log
convolution1D-cuda,2,mask_5.fp32.conv1d-tiled.block_128,1.8074321290000002,ms,lower,primary,baseline/results/951758/convolution1D-cuda/run-2.log
convolution1D-cuda,2,mask_5.fp32.conv1d-tiled.block_256,1.756528442,ms,lower,primary,baseline/results/951758/convolution1D-cuda/run-2.log
convolution1D-cuda,2,mask_5.fp32.conv1d-tiled.block_512,1.765264526,ms,lower,primary,baseline/results/951758/convolution1D-cuda/run-2.log
convolution1D-cuda,2,mask_5.fp32.conv1d-tiled.block_1024,1.810144409,ms,lower,primary,baseline/results/951758/convolution1D-cuda/run-2.log
convolution1D-cuda,2,mask_5.fp32.conv1d-tiled-caching.block_64,2.970320557,ms,lower,primary,baseline/results/951758/convolution1D-cuda/run-2.log
convolution1D-cuda,2,mask_5.fp32.conv1d-tiled-caching.block_128,1.8696286620000002,ms,lower,primary,baseline/results/951758/convolution1D-cuda/run-2.log
convolution1D-cuda,2,mask_5.fp32.conv1d-tiled-caching.block_256,1.770076904,ms,lower,primary,baseline/results/951758/convolution1D-cuda/run-2.log
convolution1D-cuda,2,mask_5.fp32.conv1d-tiled-caching.block_512,1.78141626,ms,lower,primary,baseline/results/951758/convolution1D-cuda/run-2.log
convolution1D-cuda,2,mask_5.fp32.conv1d-tiled-caching.block_1024,1.8429375000000001,ms,lower,primary,baseline/results/951758/convolution1D-cuda/run-2.log
convolution1D-cuda,2,mask_5.int16.conv1d.block_64,2.967550293,ms,lower,primary,baseline/results/951758/convolution1D-cuda/run-2.log
convolution1D-cuda,2,mask_5.int16.conv1d.block_128,1.486223633,ms,lower,primary,baseline/results/951758/convolution1D-cuda/run-2.log
convolution1D-cuda,2,mask_5.int16.conv1d.block_256,1.166099731,ms,lower,primary,baseline/results/951758/convolution1D-cuda/run-2.log
convolution1D-cuda,2,mask_5.int16.conv1d.block_512,1.1684399410000001,ms,lower,primary,baseline/results/951758/convolution1D-cuda/run-2.log
convolution1D-cuda,2,mask_5.int16.conv1d.block_1024,1.2856317140000002,ms,lower,primary,baseline/results/951758/convolution1D-cuda/run-2.log
convolution1D-cuda,2,mask_5.int16.conv1d-tiled.block_64,2.9672202149999998,ms,lower,primary,baseline/results/951758/convolution1D-cuda/run-2.log
convolution1D-cuda,2,mask_5.int16.conv1d-tiled.block_128,1.562112183,ms,lower,primary,baseline/results/951758/convolution1D-cuda/run-2.log
convolution1D-cuda,2,mask_5.int16.conv1d-tiled.block_256,1.5005723880000001,ms,lower,primary,baseline/results/951758/convolution1D-cuda/run-2.log
convolution1D-cuda,2,mask_5.int16.conv1d-tiled.block_512,1.47250354,ms,lower,primary,baseline/results/951758/convolution1D-cuda/run-2.log
convolution1D-cuda,2,mask_5.int16.conv1d-tiled.block_1024,1.498666992,ms,lower,primary,baseline/results/951758/convolution1D-cuda/run-2.log
convolution1D-cuda,2,mask_5.int16.conv1d-tiled-caching.block_64,2.967033203,ms,lower,primary,baseline/results/951758/convolution1D-cuda/run-2.log
convolution1D-cuda,2,mask_5.int16.conv1d-tiled-caching.block_128,1.592729126,ms,lower,primary,baseline/results/951758/convolution1D-cuda/run-2.log
convolution1D-cuda,2,mask_5.int16.conv1d-tiled-caching.block_256,1.569310181,ms,lower,primary,baseline/results/951758/convolution1D-cuda/run-2.log
convolution1D-cuda,2,mask_5.int16.conv1d-tiled-caching.block_512,1.617969238,ms,lower,primary,baseline/results/951758/convolution1D-cuda/run-2.log
convolution1D-cuda,2,mask_5.int16.conv1d-tiled-caching.block_1024,1.7482352289999998,ms,lower,primary,baseline/results/951758/convolution1D-cuda/run-2.log
convolution1D-cuda,2,mask_7.fp64.conv1d.block_64,2.99695166,ms,lower,primary,baseline/results/951758/convolution1D-cuda/run-2.log
convolution1D-cuda,2,mask_7.fp64.conv1d.block_128,2.700021973,ms,lower,primary,baseline/results/951758/convolution1D-cuda/run-2.log
convolution1D-cuda,2,mask_7.fp64.conv1d.block_256,2.7027827149999997,ms,lower,primary,baseline/results/951758/convolution1D-cuda/run-2.log
convolution1D-cuda,2,mask_7.fp64.conv1d.block_512,2.711412598,ms,lower,primary,baseline/results/951758/convolution1D-cuda/run-2.log
convolution1D-cuda,2,mask_7.fp64.conv1d.block_1024,2.710858887,ms,lower,primary,baseline/results/951758/convolution1D-cuda/run-2.log
convolution1D-cuda,2,mask_7.fp64.conv1d-tiled.block_64,2.995516846,ms,lower,primary,baseline/results/951758/convolution1D-cuda/run-2.log
convolution1D-cuda,2,mask_7.fp64.conv1d-tiled.block_128,2.904701172,ms,lower,primary,baseline/results/951758/convolution1D-cuda/run-2.log
convolution1D-cuda,2,mask_7.fp64.conv1d-tiled.block_256,2.962188232,ms,lower,primary,baseline/results/951758/convolution1D-cuda/run-2.log
convolution1D-cuda,2,mask_7.fp64.conv1d-tiled.block_512,2.997849854,ms,lower,primary,baseline/results/951758/convolution1D-cuda/run-2.log
convolution1D-cuda,2,mask_7.fp64.conv1d-tiled.block_1024,3.031582031,ms,lower,primary,baseline/results/951758/convolution1D-cuda/run-2.log
convolution1D-cuda,2,mask_7.fp64.conv1d-tiled-caching.block_64,3.0195314939999998,ms,lower,primary,baseline/results/951758/convolution1D-cuda/run-2.log
convolution1D-cuda,2,mask_7.fp64.conv1d-tiled-caching.block_128,2.769699951,ms,lower,primary,baseline/results/951758/convolution1D-cuda/run-2.log
convolution1D-cuda,2,mask_7.fp64.conv1d-tiled-caching.block_256,2.763358643,ms,lower,primary,baseline/results/951758/convolution1D-cuda/run-2.log
convolution1D-cuda,2,mask_7.fp64.conv1d-tiled-caching.block_512,2.778676758,ms,lower,primary,baseline/results/951758/convolution1D-cuda/run-2.log
convolution1D-cuda,2,mask_7.fp64.conv1d-tiled-caching.block_1024,2.804625488,ms,lower,primary,baseline/results/951758/convolution1D-cuda/run-2.log
convolution1D-cuda,2,mask_7.fp32.conv1d.block_64,2.988781494,ms,lower,primary,baseline/results/951758/convolution1D-cuda/run-2.log
convolution1D-cuda,2,mask_7.fp32.conv1d.block_128,1.5668874510000002,ms,lower,primary,baseline/results/951758/convolution1D-cuda/run-2.log
convolution1D-cuda,2,mask_7.fp32.conv1d.block_256,1.5240008539999998,ms,lower,primary,baseline/results/951758/convolution1D-cuda/run-2.log
convolution1D-cuda,2,mask_7.fp32.conv1d.block_512,1.5372939449999998,ms,lower,primary,baseline/results/951758/convolution1D-cuda/run-2.log
convolution1D-cuda,2,mask_7.fp32.conv1d.block_1024,1.58043335,ms,lower,primary,baseline/results/951758/convolution1D-cuda/run-2.log
convolution1D-cuda,2,mask_7.fp32.conv1d-tiled.block_64,2.9741921390000003,ms,lower,primary,baseline/results/951758/convolution1D-cuda/run-2.log
convolution1D-cuda,2,mask_7.fp32.conv1d-tiled.block_128,1.8991114500000001,ms,lower,primary,baseline/results/951758/convolution1D-cuda/run-2.log
convolution1D-cuda,2,mask_7.fp32.conv1d-tiled.block_256,1.8866430660000002,ms,lower,primary,baseline/results/951758/convolution1D-cuda/run-2.log
convolution1D-cuda,2,mask_7.fp32.conv1d-tiled.block_512,1.9069339600000002,ms,lower,primary,baseline/results/951758/convolution1D-cuda/run-2.log
convolution1D-cuda,2,mask_7.fp32.conv1d-tiled.block_1024,1.9300633539999998,ms,lower,primary,baseline/results/951758/convolution1D-cuda/run-2.log
convolution1D-cuda,2,mask_7.fp32.conv1d-tiled-caching.block_64,2.979818848,ms,lower,primary,baseline/results/951758/convolution1D-cuda/run-2.log
convolution1D-cuda,2,mask_7.fp32.conv1d-tiled-caching.block_128,2.062478027,ms,lower,primary,baseline/results/951758/convolution1D-cuda/run-2.log
convolution1D-cuda,2,mask_7.fp32.conv1d-tiled-caching.block_256,1.977884521,ms,lower,primary,baseline/results/951758/convolution1D-cuda/run-2.log
convolution1D-cuda,2,mask_7.fp32.conv1d-tiled-caching.block_512,2.007946655,ms,lower,primary,baseline/results/951758/convolution1D-cuda/run-2.log
convolution1D-cuda,2,mask_7.fp32.conv1d-tiled-caching.block_1024,2.134029297,ms,lower,primary,baseline/results/951758/convolution1D-cuda/run-2.log
convolution1D-cuda,2,mask_7.int16.conv1d.block_64,3.0045622560000003,ms,lower,primary,baseline/results/951758/convolution1D-cuda/run-2.log
convolution1D-cuda,2,mask_7.int16.conv1d.block_128,1.5735837400000001,ms,lower,primary,baseline/results/951758/convolution1D-cuda/run-2.log
convolution1D-cuda,2,mask_7.int16.conv1d.block_256,1.529753784,ms,lower,primary,baseline/results/951758/convolution1D-cuda/run-2.log
convolution1D-cuda,2,mask_7.int16.conv1d.block_512,1.522009155,ms,lower,primary,baseline/results/951758/convolution1D-cuda/run-2.log
convolution1D-cuda,2,mask_7.int16.conv1d.block_1024,1.6188718260000001,ms,lower,primary,baseline/results/951758/convolution1D-cuda/run-2.log
convolution1D-cuda,2,mask_7.int16.conv1d-tiled.block_64,2.967423096,ms,lower,primary,baseline/results/951758/convolution1D-cuda/run-2.log
convolution1D-cuda,2,mask_7.int16.conv1d-tiled.block_128,1.776477539,ms,lower,primary,baseline/results/951758/convolution1D-cuda/run-2.log
convolution1D-cuda,2,mask_7.int16.conv1d-tiled.block_256,1.711231689,ms,lower,primary,baseline/results/951758/convolution1D-cuda/run-2.log
convolution1D-cuda,2,mask_7.int16.conv1d-tiled.block_512,1.6840014650000001,ms,lower,primary,baseline/results/951758/convolution1D-cuda/run-2.log
convolution1D-cuda,2,mask_7.int16.conv1d-tiled.block_1024,1.707712891,ms,lower,primary,baseline/results/951758/convolution1D-cuda/run-2.log
convolution1D-cuda,2,mask_7.int16.conv1d-tiled-caching.block_64,2.965933105,ms,lower,primary,baseline/results/951758/convolution1D-cuda/run-2.log
convolution1D-cuda,2,mask_7.int16.conv1d-tiled-caching.block_128,1.995832397,ms,lower,primary,baseline/results/951758/convolution1D-cuda/run-2.log
convolution1D-cuda,2,mask_7.int16.conv1d-tiled-caching.block_256,1.9610924070000002,ms,lower,primary,baseline/results/951758/convolution1D-cuda/run-2.log
convolution1D-cuda,2,mask_7.int16.conv1d-tiled-caching.block_512,1.9763798830000001,ms,lower,primary,baseline/results/951758/convolution1D-cuda/run-2.log
convolution1D-cuda,2,mask_7.int16.conv1d-tiled-caching.block_1024,2.104132568,ms,lower,primary,baseline/results/951758/convolution1D-cuda/run-2.log
convolution1D-cuda,2,mask_9.fp64.conv1d.block_64,3.020421631,ms,lower,primary,baseline/results/951758/convolution1D-cuda/run-2.log
convolution1D-cuda,2,mask_9.fp64.conv1d.block_128,2.7045029300000003,ms,lower,primary,baseline/results/951758/convolution1D-cuda/run-2.log
convolution1D-cuda,2,mask_9.fp64.conv1d.block_256,2.705983154,ms,lower,primary,baseline/results/951758/convolution1D-cuda/run-2.log
convolution1D-cuda,2,mask_9.fp64.conv1d.block_512,2.717458984,ms,lower,primary,baseline/results/951758/convolution1D-cuda/run-2.log
convolution1D-cuda,2,mask_9.fp64.conv1d.block_1024,2.719649414,ms,lower,primary,baseline/results/951758/convolution1D-cuda/run-2.log
convolution1D-cuda,2,mask_9.fp64.conv1d-tiled.block_64,2.9960515140000004,ms,lower,primary,baseline/results/951758/convolution1D-cuda/run-2.log
convolution1D-cuda,2,mask_9.fp64.conv1d-tiled.block_128,2.9165322270000003,ms,lower,primary,baseline/results/951758/convolution1D-cuda/run-2.log
convolution1D-cuda,2,mask_9.fp64.conv1d-tiled.block_256,2.982108398,ms,lower,primary,baseline/results/951758/convolution1D-cuda/run-2.log
convolution1D-cuda,2,mask_9.fp64.conv1d-tiled.block_512,3.041262939,ms,lower,primary,baseline/results/951758/convolution1D-cuda/run-2.log
convolution1D-cuda,2,mask_9.fp64.conv1d-tiled.block_1024,3.080493164,ms,lower,primary,baseline/results/951758/convolution1D-cuda/run-2.log
convolution1D-cuda,2,mask_9.fp64.conv1d-tiled-caching.block_64,3.042105469,ms,lower,primary,baseline/results/951758/convolution1D-cuda/run-2.log
convolution1D-cuda,2,mask_9.fp64.conv1d-tiled-caching.block_128,2.8168020019999997,ms,lower,primary,baseline/results/951758/convolution1D-cuda/run-2.log
convolution1D-cuda,2,mask_9.fp64.conv1d-tiled-caching.block_256,2.8083054200000004,ms,lower,primary,baseline/results/951758/convolution1D-cuda/run-2.log
convolution1D-cuda,2,mask_9.fp64.conv1d-tiled-caching.block_512,2.828003174,ms,lower,primary,baseline/results/951758/convolution1D-cuda/run-2.log
convolution1D-cuda,2,mask_9.fp64.conv1d-tiled-caching.block_1024,2.8650222170000004,ms,lower,primary,baseline/results/951758/convolution1D-cuda/run-2.log
convolution1D-cuda,2,mask_9.fp32.conv1d.block_64,2.995397461,ms,lower,primary,baseline/results/951758/convolution1D-cuda/run-2.log
convolution1D-cuda,2,mask_9.fp32.conv1d.block_128,1.581778198,ms,lower,primary,baseline/results/951758/convolution1D-cuda/run-2.log
convolution1D-cuda,2,mask_9.fp32.conv1d.block_256,1.54766687,ms,lower,primary,baseline/results/951758/convolution1D-cuda/run-2.log
convolution1D-cuda,2,mask_9.fp32.conv1d.block_512,1.578527954,ms,lower,primary,baseline/results/951758/convolution1D-cuda/run-2.log
convolution1D-cuda,2,mask_9.fp32.conv1d.block_1024,1.626178833,ms,lower,primary,baseline/results/951758/convolution1D-cuda/run-2.log
convolution1D-cuda,2,mask_9.fp32.conv1d-tiled.block_64,2.973140137,ms,lower,primary,baseline/results/951758/convolution1D-cuda/run-2.log
convolution1D-cuda,2,mask_9.fp32.conv1d-tiled.block_128,1.8444542240000001,ms,lower,primary,baseline/results/951758/convolution1D-cuda/run-2.log
convolution1D-cuda,2,mask_9.fp32.conv1d-tiled.block_256,1.809486206,ms,lower,primary,baseline/results/951758/convolution1D-cuda/run-2.log
convolution1D-cuda,2,mask_9.fp32.conv1d-tiled.block_512,1.8252338870000002,ms,lower,primary,baseline/results/951758/convolution1D-cuda/run-2.log
convolution1D-cuda,2,mask_9.fp32.conv1d-tiled.block_1024,1.911206665,ms,lower,primary,baseline/results/951758/convolution1D-cuda/run-2.log
convolution1D-cuda,2,mask_9.fp32.conv1d-tiled-caching.block_64,2.974336914,ms,lower,primary,baseline/results/951758/convolution1D-cuda/run-2.log
convolution1D-cuda,2,mask_9.fp32.conv1d-tiled-caching.block_128,2.2051416020000003,ms,lower,primary,baseline/results/951758/convolution1D-cuda/run-2.log
convolution1D-cuda,2,mask_9.fp32.conv1d-tiled-caching.block_256,2.124707764,ms,lower,primary,baseline/results/951758/convolution1D-cuda/run-2.log
convolution1D-cuda,2,mask_9.fp32.conv1d-tiled-caching.block_512,2.164116455,ms,lower,primary,baseline/results/951758/convolution1D-cuda/run-2.log
convolution1D-cuda,2,mask_9.fp32.conv1d-tiled-caching.block_1024,2.281170654,ms,lower,primary,baseline/results/951758/convolution1D-cuda/run-2.log
convolution1D-cuda,2,mask_9.int16.conv1d.block_64,3.00171875,ms,lower,primary,baseline/results/951758/convolution1D-cuda/run-2.log
convolution1D-cuda,2,mask_9.int16.conv1d.block_128,1.7267691649999999,ms,lower,primary,baseline/results/951758/convolution1D-cuda/run-2.log
convolution1D-cuda,2,mask_9.int16.conv1d.block_256,1.689243652,ms,lower,primary,baseline/results/951758/convolution1D-cuda/run-2.log
convolution1D-cuda,2,mask_9.int16.conv1d.block_512,1.6702841800000001,ms,lower,primary,baseline/results/951758/convolution1D-cuda/run-2.log
convolution1D-cuda,2,mask_9.int16.conv1d.block_1024,1.833675293,ms,lower,primary,baseline/results/951758/convolution1D-cuda/run-2.log
convolution1D-cuda,2,mask_9.int16.conv1d-tiled.block_64,2.968333496,ms,lower,primary,baseline/results/951758/convolution1D-cuda/run-2.log
convolution1D-cuda,2,mask_9.int16.conv1d-tiled.block_128,1.7368829350000001,ms,lower,primary,baseline/results/951758/convolution1D-cuda/run-2.log
convolution1D-cuda,2,mask_9.int16.conv1d-tiled.block_256,1.671953613,ms,lower,primary,baseline/results/951758/convolution1D-cuda/run-2.log
convolution1D-cuda,2,mask_9.int16.conv1d-tiled.block_512,1.657066528,ms,lower,primary,baseline/results/951758/convolution1D-cuda/run-2.log
convolution1D-cuda,2,mask_9.int16.conv1d-tiled.block_1024,1.674106079,ms,lower,primary,baseline/results/951758/convolution1D-cuda/run-2.log
convolution1D-cuda,2,mask_9.int16.conv1d-tiled-caching.block_64,2.965685791,ms,lower,primary,baseline/results/951758/convolution1D-cuda/run-2.log
convolution1D-cuda,2,mask_9.int16.conv1d-tiled-caching.block_128,2.214896484,ms,lower,primary,baseline/results/951758/convolution1D-cuda/run-2.log
convolution1D-cuda,2,mask_9.int16.conv1d-tiled-caching.block_256,2.170288818,ms,lower,primary,baseline/results/951758/convolution1D-cuda/run-2.log
convolution1D-cuda,2,mask_9.int16.conv1d-tiled-caching.block_512,2.177165527,ms,lower,primary,baseline/results/951758/convolution1D-cuda/run-2.log
convolution1D-cuda,2,mask_9.int16.conv1d-tiled-caching.block_1024,2.217658203,ms,lower,primary,baseline/results/951758/convolution1D-cuda/run-2.log
convolution1D-cuda,3,mask_3.fp64.conv1d.block_64,2.982823242,ms,lower,primary,baseline/results/951758/convolution1D-cuda/run-3.log
convolution1D-cuda,3,mask_3.fp64.conv1d.block_128,2.679206299,ms,lower,primary,baseline/results/951758/convolution1D-cuda/run-3.log
convolution1D-cuda,3,mask_3.fp64.conv1d.block_256,2.683398193,ms,lower,primary,baseline/results/951758/convolution1D-cuda/run-3.log
convolution1D-cuda,3,mask_3.fp64.conv1d.block_512,2.6914089359999998,ms,lower,primary,baseline/results/951758/convolution1D-cuda/run-3.log
convolution1D-cuda,3,mask_3.fp64.conv1d.block_1024,2.711592285,ms,lower,primary,baseline/results/951758/convolution1D-cuda/run-3.log
convolution1D-cuda,3,mask_3.fp64.conv1d-tiled.block_64,2.984222656,ms,lower,primary,baseline/results/951758/convolution1D-cuda/run-3.log
convolution1D-cuda,3,mask_3.fp64.conv1d-tiled.block_128,2.774213379,ms,lower,primary,baseline/results/951758/convolution1D-cuda/run-3.log
convolution1D-cuda,3,mask_3.fp64.conv1d-tiled.block_256,2.796858398,ms,lower,primary,baseline/results/951758/convolution1D-cuda/run-3.log
convolution1D-cuda,3,mask_3.fp64.conv1d-tiled.block_512,2.803917969,ms,lower,primary,baseline/results/951758/convolution1D-cuda/run-3.log
convolution1D-cuda,3,mask_3.fp64.conv1d-tiled.block_1024,2.809629639,ms,lower,primary,baseline/results/951758/convolution1D-cuda/run-3.log
convolution1D-cuda,3,mask_3.fp64.conv1d-tiled-caching.block_64,2.9867397460000005,ms,lower,primary,baseline/results/951758/convolution1D-cuda/run-3.log
convolution1D-cuda,3,mask_3.fp64.conv1d-tiled-caching.block_128,2.7035766600000004,ms,lower,primary,baseline/results/951758/convolution1D-cuda/run-3.log
convolution1D-cuda,3,mask_3.fp64.conv1d-tiled-caching.block_256,2.707515869,ms,lower,primary,baseline/results/951758/convolution1D-cuda/run-3.log
convolution1D-cuda,3,mask_3.fp64.conv1d-tiled-caching.block_512,2.724238525,ms,lower,primary,baseline/results/951758/convolution1D-cuda/run-3.log
convolution1D-cuda,3,mask_3.fp64.conv1d-tiled-caching.block_1024,2.7342424320000003,ms,lower,primary,baseline/results/951758/convolution1D-cuda/run-3.log
convolution1D-cuda,3,mask_3.fp32.conv1d.block_64,2.967899902,ms,lower,primary,baseline/results/951758/convolution1D-cuda/run-3.log
convolution1D-cuda,3,mask_3.fp32.conv1d.block_128,1.5054080810000001,ms,lower,primary,baseline/results/951758/convolution1D-cuda/run-3.log
convolution1D-cuda,3,mask_3.fp32.conv1d.block_256,1.4196505130000001,ms,lower,primary,baseline/results/951758/convolution1D-cuda/run-3.log
convolution1D-cuda,3,mask_3.fp32.conv1d.block_512,1.4243535159999998,ms,lower,primary,baseline/results/951758/convolution1D-cuda/run-3.log
convolution1D-cuda,3,mask_3.fp32.conv1d.block_1024,1.434237793,ms,lower,primary,baseline/results/951758/convolution1D-cuda/run-3.log
convolution1D-cuda,3,mask_3.fp32.conv1d-tiled.block_64,2.969124512,ms,lower,primary,baseline/results/951758/convolution1D-cuda/run-3.log
convolution1D-cuda,3,mask_3.fp32.conv1d-tiled.block_128,1.749359009,ms,lower,primary,baseline/results/951758/convolution1D-cuda/run-3.log
convolution1D-cuda,3,mask_3.fp32.conv1d-tiled.block_256,1.680371582,ms,lower,primary,baseline/results/951758/convolution1D-cuda/run-3.log
convolution1D-cuda,3,mask_3.fp32.conv1d-tiled.block_512,1.672795288,ms,lower,primary,baseline/results/951758/convolution1D-cuda/run-3.log
convolution1D-cuda,3,mask_3.fp32.conv1d-tiled.block_1024,1.706509766,ms,lower,primary,baseline/results/951758/convolution1D-cuda/run-3.log
convolution1D-cuda,3,mask_3.fp32.conv1d-tiled-caching.block_64,2.968293945,ms,lower,primary,baseline/results/951758/convolution1D-cuda/run-3.log
convolution1D-cuda,3,mask_3.fp32.conv1d-tiled-caching.block_128,1.726125366,ms,lower,primary,baseline/results/951758/convolution1D-cuda/run-3.log
convolution1D-cuda,3,mask_3.fp32.conv1d-tiled-caching.block_256,1.642248535,ms,lower,primary,baseline/results/951758/convolution1D-cuda/run-3.log
convolution1D-cuda,3,mask_3.fp32.conv1d-tiled-caching.block_512,1.6624283450000001,ms,lower,primary,baseline/results/951758/convolution1D-cuda/run-3.log
convolution1D-cuda,3,mask_3.fp32.conv1d-tiled-caching.block_1024,1.63732666,ms,lower,primary,baseline/results/951758/convolution1D-cuda/run-3.log
convolution1D-cuda,3,mask_3.int16.conv1d.block_64,2.96588916,ms,lower,primary,baseline/results/951758/convolution1D-cuda/run-3.log
convolution1D-cuda,3,mask_3.int16.conv1d.block_128,1.487519531,ms,lower,primary,baseline/results/951758/convolution1D-cuda/run-3.log
convolution1D-cuda,3,mask_3.int16.conv1d.block_256,1.130133179,ms,lower,primary,baseline/results/951758/convolution1D-cuda/run-3.log
convolution1D-cuda,3,mask_3.int16.conv1d.block_512,1.10020813,ms,lower,primary,baseline/results/951758/convolution1D-cuda/run-3.log
convolution1D-cuda,3,mask_3.int16.conv1d.block_1024,1.1190264890000001,ms,lower,primary,baseline/results/951758/convolution1D-cuda/run-3.log
convolution1D-cuda,3,mask_3.int16.conv1d-tiled.block_64,2.9667104490000002,ms,lower,primary,baseline/results/951758/convolution1D-cuda/run-3.log
convolution1D-cuda,3,mask_3.int16.conv1d-tiled.block_128,1.497147827,ms,lower,primary,baseline/results/951758/convolution1D-cuda/run-3.log
convolution1D-cuda,3,mask_3.int16.conv1d-tiled.block_256,1.340317261,ms,lower,primary,baseline/results/951758/convolution1D-cuda/run-3.log
convolution1D-cuda,3,mask_3.int16.conv1d-tiled.block_512,1.292161011,ms,lower,primary,baseline/results/951758/convolution1D-cuda/run-3.log
convolution1D-cuda,3,mask_3.int16.conv1d-tiled.block_1024,1.31494519,ms,lower,primary,baseline/results/951758/convolution1D-cuda/run-3.log
convolution1D-cuda,3,mask_3.int16.conv1d-tiled-caching.block_64,2.967530029,ms,lower,primary,baseline/results/951758/convolution1D-cuda/run-3.log
convolution1D-cuda,3,mask_3.int16.conv1d-tiled-caching.block_128,1.4925561520000001,ms,lower,primary,baseline/results/951758/convolution1D-cuda/run-3.log
convolution1D-cuda,3,mask_3.int16.conv1d-tiled-caching.block_256,1.3455740969999999,ms,lower,primary,baseline/results/951758/convolution1D-cuda/run-3.log
convolution1D-cuda,3,mask_3.int16.conv1d-tiled-caching.block_512,1.393911133,ms,lower,primary,baseline/results/951758/convolution1D-cuda/run-3.log
convolution1D-cuda,3,mask_3.int16.conv1d-tiled-caching.block_1024,1.47023877,ms,lower,primary,baseline/results/951758/convolution1D-cuda/run-3.log
convolution1D-cuda,3,mask_5.fp64.conv1d.block_64,2.973361816,ms,lower,primary,baseline/results/951758/convolution1D-cuda/run-3.log
convolution1D-cuda,3,mask_5.fp64.conv1d.block_128,2.6844685060000004,ms,lower,primary,baseline/results/951758/convolution1D-cuda/run-3.log
convolution1D-cuda,3,mask_5.fp64.conv1d.block_256,2.684511475,ms,lower,primary,baseline/results/951758/convolution1D-cuda/run-3.log
convolution1D-cuda,3,mask_5.fp64.conv1d.block_512,2.688025635,ms,lower,primary,baseline/results/951758/convolution1D-cuda/run-3.log
convolution1D-cuda,3,mask_5.fp64.conv1d.block_1024,2.710702881,ms,lower,primary,baseline/results/951758/convolution1D-cuda/run-3.log
convolution1D-cuda,3,mask_5.fp64.conv1d-tiled.block_64,2.989437012,ms,lower,primary,baseline/results/951758/convolution1D-cuda/run-3.log
convolution1D-cuda,3,mask_5.fp64.conv1d-tiled.block_128,2.83392041,ms,lower,primary,baseline/results/951758/convolution1D-cuda/run-3.log
convolution1D-cuda,3,mask_5.fp64.conv1d-tiled.block_256,2.859095703,ms,lower,primary,baseline/results/951758/convolution1D-cuda/run-3.log
convolution1D-cuda,3,mask_5.fp64.conv1d-tiled.block_512,2.883443359,ms,lower,primary,baseline/results/951758/convolution1D-cuda/run-3.log
convolution1D-cuda,3,mask_5.fp64.conv1d-tiled.block_1024,2.916657471,ms,lower,primary,baseline/results/951758/convolution1D-cuda/run-3.log
convolution1D-cuda,3,mask_5.fp64.conv1d-tiled-caching.block_64,3.001891602,ms,lower,primary,baseline/results/951758/convolution1D-cuda/run-3.log
convolution1D-cuda,3,mask_5.fp64.conv1d-tiled-caching.block_128,2.726423828,ms,lower,primary,baseline/results/951758/convolution1D-cuda/run-3.log
convolution1D-cuda,3,mask_5.fp64.conv1d-tiled-caching.block_256,2.72455127,ms,lower,primary,baseline/results/951758/convolution1D-cuda/run-3.log
convolution1D-cuda,3,mask_5.fp64.conv1d-tiled-caching.block_512,2.735549561,ms,lower,primary,baseline/results/951758/convolution1D-cuda/run-3.log
convolution1D-cuda,3,mask_5.fp64.conv1d-tiled-caching.block_1024,2.753256348,ms,lower,primary,baseline/results/951758/convolution1D-cuda/run-3.log
convolution1D-cuda,3,mask_5.fp32.conv1d.block_64,2.987686768,ms,lower,primary,baseline/results/951758/convolution1D-cuda/run-3.log
convolution1D-cuda,3,mask_5.fp32.conv1d.block_128,1.4886488039999999,ms,lower,primary,baseline/results/951758/convolution1D-cuda/run-3.log
convolution1D-cuda,3,mask_5.fp32.conv1d.block_256,1.414347656,ms,lower,primary,baseline/results/951758/convolution1D-cuda/run-3.log
convolution1D-cuda,3,mask_5.fp32.conv1d.block_512,1.411633667,ms,lower,primary,baseline/results/951758/convolution1D-cuda/run-3.log
convolution1D-cuda,3,mask_5.fp32.conv1d.block_1024,1.450488525,ms,lower,primary,baseline/results/951758/convolution1D-cuda/run-3.log
convolution1D-cuda,3,mask_5.fp32.conv1d-tiled.block_64,2.9704240719999997,ms,lower,primary,baseline/results/951758/convolution1D-cuda/run-3.log
convolution1D-cuda,3,mask_5.fp32.conv1d-tiled.block_128,1.807459717,ms,lower,primary,baseline/results/951758/convolution1D-cuda/run-3.log
convolution1D-cuda,3,mask_5.fp32.conv1d-tiled.block_256,1.756526611,ms,lower,primary,baseline/results/951758/convolution1D-cuda/run-3.log
convolution1D-cuda,3,mask_5.fp32.conv1d-tiled.block_512,1.765052979,ms,lower,primary,baseline/results/951758/convolution1D-cuda/run-3.log
convolution1D-cuda,3,mask_5.fp32.conv1d-tiled.block_1024,1.809867554,ms,lower,primary,baseline/results/951758/convolution1D-cuda/run-3.log
convolution1D-cuda,3,mask_5.fp32.conv1d-tiled-caching.block_64,2.970243652,ms,lower,primary,baseline/results/951758/convolution1D-cuda/run-3.log
convolution1D-cuda,3,mask_5.fp32.conv1d-tiled-caching.block_128,1.869967651,ms,lower,primary,baseline/results/951758/convolution1D-cuda/run-3.log
convolution1D-cuda,3,mask_5.fp32.conv1d-tiled-caching.block_256,1.7704995120000002,ms,lower,primary,baseline/results/951758/convolution1D-cuda/run-3.log
convolution1D-cuda,3,mask_5.fp32.conv1d-tiled-caching.block_512,1.780599854,ms,lower,primary,baseline/results/951758/convolution1D-cuda/run-3.log
convolution1D-cuda,3,mask_5.fp32.conv1d-tiled-caching.block_1024,1.8423051760000002,ms,lower,primary,baseline/results/951758/convolution1D-cuda/run-3.log
convolution1D-cuda,3,mask_5.int16.conv1d.block_64,2.9674877929999997,ms,lower,primary,baseline/results/951758/convolution1D-cuda/run-3.log
convolution1D-cuda,3,mask_5.int16.conv1d.block_128,1.486207153,ms,lower,primary,baseline/results/951758/convolution1D-cuda/run-3.log
convolution1D-cuda,3,mask_5.int16.conv1d.block_256,1.165926025,ms,lower,primary,baseline/results/951758/convolution1D-cuda/run-3.log
convolution1D-cuda,3,mask_5.int16.conv1d.block_512,1.168252808,ms,lower,primary,baseline/results/951758/convolution1D-cuda/run-3.log
convolution1D-cuda,3,mask_5.int16.conv1d.block_1024,1.2856861570000002,ms,lower,primary,baseline/results/951758/convolution1D-cuda/run-3.log
convolution1D-cuda,3,mask_5.int16.conv1d-tiled.block_64,2.967220947,ms,lower,primary,baseline/results/951758/convolution1D-cuda/run-3.log
convolution1D-cuda,3,mask_5.int16.conv1d-tiled.block_128,1.56250061,ms,lower,primary,baseline/results/951758/convolution1D-cuda/run-3.log
convolution1D-cuda,3,mask_5.int16.conv1d-tiled.block_256,1.5005559080000002,ms,lower,primary,baseline/results/951758/convolution1D-cuda/run-3.log
convolution1D-cuda,3,mask_5.int16.conv1d-tiled.block_512,1.472397583,ms,lower,primary,baseline/results/951758/convolution1D-cuda/run-3.log
convolution1D-cuda,3,mask_5.int16.conv1d-tiled.block_1024,1.4985336910000002,ms,lower,primary,baseline/results/951758/convolution1D-cuda/run-3.log
convolution1D-cuda,3,mask_5.int16.conv1d-tiled-caching.block_64,2.967023193,ms,lower,primary,baseline/results/951758/convolution1D-cuda/run-3.log
convolution1D-cuda,3,mask_5.int16.conv1d-tiled-caching.block_128,1.592450684,ms,lower,primary,baseline/results/951758/convolution1D-cuda/run-3.log
convolution1D-cuda,3,mask_5.int16.conv1d-tiled-caching.block_256,1.569140991,ms,lower,primary,baseline/results/951758/convolution1D-cuda/run-3.log
convolution1D-cuda,3,mask_5.int16.conv1d-tiled-caching.block_512,1.617408447,ms,lower,primary,baseline/results/951758/convolution1D-cuda/run-3.log
convolution1D-cuda,3,mask_5.int16.conv1d-tiled-caching.block_1024,1.751710571,ms,lower,primary,baseline/results/951758/convolution1D-cuda/run-3.log
convolution1D-cuda,3,mask_7.fp64.conv1d.block_64,2.9987680660000002,ms,lower,primary,baseline/results/951758/convolution1D-cuda/run-3.log
convolution1D-cuda,3,mask_7.fp64.conv1d.block_128,2.699986816,ms,lower,primary,baseline/results/951758/convolution1D-cuda/run-3.log
convolution1D-cuda,3,mask_7.fp64.conv1d.block_256,2.7027753910000003,ms,lower,primary,baseline/results/951758/convolution1D-cuda/run-3.log
convolution1D-cuda,3,mask_7.fp64.conv1d.block_512,2.711424316,ms,lower,primary,baseline/results/951758/convolution1D-cuda/run-3.log
convolution1D-cuda,3,mask_7.fp64.conv1d.block_1024,2.7108364259999997,ms,lower,primary,baseline/results/951758/convolution1D-cuda/run-3.log
convolution1D-cuda,3,mask_7.fp64.conv1d-tiled.block_64,2.9951391600000004,ms,lower,primary,baseline/results/951758/convolution1D-cuda/run-3.log
convolution1D-cuda,3,mask_7.fp64.conv1d-tiled.block_128,2.9048920899999997,ms,lower,primary,baseline/results/951758/convolution1D-cuda/run-3.log
convolution1D-cuda,3,mask_7.fp64.conv1d-tiled.block_256,2.962009766,ms,lower,primary,baseline/results/951758/convolution1D-cuda/run-3.log
convolution1D-cuda,3,mask_7.fp64.conv1d-tiled.block_512,2.9976264649999997,ms,lower,primary,baseline/results/951758/convolution1D-cuda/run-3.log
convolution1D-cuda,3,mask_7.fp64.conv1d-tiled.block_1024,3.031279785,ms,lower,primary,baseline/results/951758/convolution1D-cuda/run-3.log
convolution1D-cuda,3,mask_7.fp64.conv1d-tiled-caching.block_64,3.019063477,ms,lower,primary,baseline/results/951758/convolution1D-cuda/run-3.log
convolution1D-cuda,3,mask_7.fp64.conv1d-tiled-caching.block_128,2.769658447,ms,lower,primary,baseline/results/951758/convolution1D-cuda/run-3.log
convolution1D-cuda,3,mask_7.fp64.conv1d-tiled-caching.block_256,2.763281006,ms,lower,primary,baseline/results/951758/convolution1D-cuda/run-3.log
convolution1D-cuda,3,mask_7.fp64.conv1d-tiled-caching.block_512,2.778697021,ms,lower,primary,baseline/results/951758/convolution1D-cuda/run-3.log
convolution1D-cuda,3,mask_7.fp64.conv1d-tiled-caching.block_1024,2.804376709,ms,lower,primary,baseline/results/951758/convolution1D-cuda/run-3.log
convolution1D-cuda,3,mask_7.fp32.conv1d.block_64,2.992273682,ms,lower,primary,baseline/results/951758/convolution1D-cuda/run-3.log
convolution1D-cuda,3,mask_7.fp32.conv1d.block_128,1.5668039550000001,ms,lower,primary,baseline/results/951758/convolution1D-cuda/run-3.log
convolution1D-cuda,3,mask_7.fp32.conv1d.block_256,1.523933472,ms,lower,primary,baseline/results/951758/convolution1D-cuda/run-3.log
convolution1D-cuda,3,mask_7.fp32.conv1d.block_512,1.53741272,ms,lower,primary,baseline/results/951758/convolution1D-cuda/run-3.log
convolution1D-cuda,3,mask_7.fp32.conv1d.block_1024,1.580913452,ms,lower,primary,baseline/results/951758/convolution1D-cuda/run-3.log
convolution1D-cuda,3,mask_7.fp32.conv1d-tiled.block_64,2.974336182,ms,lower,primary,baseline/results/951758/convolution1D-cuda/run-3.log
convolution1D-cuda,3,mask_7.fp32.conv1d-tiled.block_128,1.8990966800000002,ms,lower,primary,baseline/results/951758/convolution1D-cuda/run-3.log
convolution1D-cuda,3,mask_7.fp32.conv1d-tiled.block_256,1.886329102,ms,lower,primary,baseline/results/951758/convolution1D-cuda/run-3.log
convolution1D-cuda,3,mask_7.fp32.conv1d-tiled.block_512,1.9068012699999999,ms,lower,primary,baseline/results/951758/convolution1D-cuda/run-3.log
convolution1D-cuda,3,mask_7.fp32.conv1d-tiled.block_1024,1.930078979,ms,lower,primary,baseline/results/951758/convolution1D-cuda/run-3.log
convolution1D-cuda,3,mask_7.fp32.conv1d-tiled-caching.block_64,2.979941406,ms,lower,primary,baseline/results/951758/convolution1D-cuda/run-3.log
convolution1D-cuda,3,mask_7.fp32.conv1d-tiled-caching.block_128,2.062769043,ms,lower,primary,baseline/results/951758/convolution1D-cuda/run-3.log
convolution1D-cuda,3,mask_7.fp32.conv1d-tiled-caching.block_256,1.978193359,ms,lower,primary,baseline/results/951758/convolution1D-cuda/run-3.log
convolution1D-cuda,3,mask_7.fp32.conv1d-tiled-caching.block_512,2.009063843,ms,lower,primary,baseline/results/951758/convolution1D-cuda/run-3.log
convolution1D-cuda,3,mask_7.fp32.conv1d-tiled-caching.block_1024,2.1307785640000003,ms,lower,primary,baseline/results/951758/convolution1D-cuda/run-3.log
convolution1D-cuda,3,mask_7.int16.conv1d.block_64,2.999114746,ms,lower,primary,baseline/results/951758/convolution1D-cuda/run-3.log
convolution1D-cuda,3,mask_7.int16.conv1d.block_128,1.573182617,ms,lower,primary,baseline/results/951758/convolution1D-cuda/run-3.log
convolution1D-cuda,3,mask_7.int16.conv1d.block_256,1.529788452,ms,lower,primary,baseline/results/951758/convolution1D-cuda/run-3.log
convolution1D-cuda,3,mask_7.int16.conv1d.block_512,1.521858643,ms,lower,primary,baseline/results/951758/convolution1D-cuda/run-3.log
convolution1D-cuda,3,mask_7.int16.conv1d.block_1024,1.619224243,ms,lower,primary,baseline/results/951758/convolution1D-cuda/run-3.log
convolution1D-cuda,3,mask_7.int16.conv1d-tiled.block_64,2.967403564,ms,lower,primary,baseline/results/951758/convolution1D-cuda/run-3.log
convolution1D-cuda,3,mask_7.int16.conv1d-tiled.block_128,1.7765269780000001,ms,lower,primary,baseline/results/951758/convolution1D-cuda/run-3.log
convolution1D-cuda,3,mask_7.int16.conv1d-tiled.block_256,1.71120813,ms,lower,primary,baseline/results/951758/convolution1D-cuda/run-3.log
convolution1D-cuda,3,mask_7.int16.conv1d-tiled.block_512,1.684087158,ms,lower,primary,baseline/results/951758/convolution1D-cuda/run-3.log
convolution1D-cuda,3,mask_7.int16.conv1d-tiled.block_1024,1.7078192140000001,ms,lower,primary,baseline/results/951758/convolution1D-cuda/run-3.log
convolution1D-cuda,3,mask_7.int16.conv1d-tiled-caching.block_64,2.9667314449999997,ms,lower,primary,baseline/results/951758/convolution1D-cuda/run-3.log
convolution1D-cuda,3,mask_7.int16.conv1d-tiled-caching.block_128,1.995862915,ms,lower,primary,baseline/results/951758/convolution1D-cuda/run-3.log
convolution1D-cuda,3,mask_7.int16.conv1d-tiled-caching.block_256,1.959622925,ms,lower,primary,baseline/results/951758/convolution1D-cuda/run-3.log
convolution1D-cuda,3,mask_7.int16.conv1d-tiled-caching.block_512,1.9743215330000001,ms,lower,primary,baseline/results/951758/convolution1D-cuda/run-3.log
convolution1D-cuda,3,mask_7.int16.conv1d-tiled-caching.block_1024,2.10261792,ms,lower,primary,baseline/results/951758/convolution1D-cuda/run-3.log
convolution1D-cuda,3,mask_9.fp64.conv1d.block_64,3.0263659670000003,ms,lower,primary,baseline/results/951758/convolution1D-cuda/run-3.log
convolution1D-cuda,3,mask_9.fp64.conv1d.block_128,2.704459961,ms,lower,primary,baseline/results/951758/convolution1D-cuda/run-3.log
convolution1D-cuda,3,mask_9.fp64.conv1d.block_256,2.706063965,ms,lower,primary,baseline/results/951758/convolution1D-cuda/run-3.log
convolution1D-cuda,3,mask_9.fp64.conv1d.block_512,2.71746167,ms,lower,primary,baseline/results/951758/convolution1D-cuda/run-3.log
convolution1D-cuda,3,mask_9.fp64.conv1d.block_1024,2.7197145999999996,ms,lower,primary,baseline/results/951758/convolution1D-cuda/run-3.log
convolution1D-cuda,3,mask_9.fp64.conv1d-tiled.block_64,2.9959577640000004,ms,lower,primary,baseline/results/951758/convolution1D-cuda/run-3.log
convolution1D-cuda,3,mask_9.fp64.conv1d-tiled.block_128,2.916740479,ms,lower,primary,baseline/results/951758/convolution1D-cuda/run-3.log
convolution1D-cuda,3,mask_9.fp64.conv1d-tiled.block_256,2.982351807,ms,lower,primary,baseline/results/951758/convolution1D-cuda/run-3.log
convolution1D-cuda,3,mask_9.fp64.conv1d-tiled.block_512,3.040776367,ms,lower,primary,baseline/results/951758/convolution1D-cuda/run-3.log
convolution1D-cuda,3,mask_9.fp64.conv1d-tiled.block_1024,3.0804780270000003,ms,lower,primary,baseline/results/951758/convolution1D-cuda/run-3.log
convolution1D-cuda,3,mask_9.fp64.conv1d-tiled-caching.block_64,3.043657471,ms,lower,primary,baseline/results/951758/convolution1D-cuda/run-3.log
convolution1D-cuda,3,mask_9.fp64.conv1d-tiled-caching.block_128,2.817458984,ms,lower,primary,baseline/results/951758/convolution1D-cuda/run-3.log
convolution1D-cuda,3,mask_9.fp64.conv1d-tiled-caching.block_256,2.807877441,ms,lower,primary,baseline/results/951758/convolution1D-cuda/run-3.log
convolution1D-cuda,3,mask_9.fp64.conv1d-tiled-caching.block_512,2.82757959,ms,lower,primary,baseline/results/951758/convolution1D-cuda/run-3.log
convolution1D-cuda,3,mask_9.fp64.conv1d-tiled-caching.block_1024,2.864211182,ms,lower,primary,baseline/results/951758/convolution1D-cuda/run-3.log
convolution1D-cuda,3,mask_9.fp32.conv1d.block_64,3.008569336,ms,lower,primary,baseline/results/951758/convolution1D-cuda/run-3.log
convolution1D-cuda,3,mask_9.fp32.conv1d.block_128,1.5813125000000001,ms,lower,primary,baseline/results/951758/convolution1D-cuda/run-3.log
convolution1D-cuda,3,mask_9.fp32.conv1d.block_256,1.547979736,ms,lower,primary,baseline/results/951758/convolution1D-cuda/run-3.log
convolution1D-cuda,3,mask_9.fp32.conv1d.block_512,1.578387573,ms,lower,primary,baseline/results/951758/convolution1D-cuda/run-3.log
convolution1D-cuda,3,mask_9.fp32.conv1d.block_1024,1.625890747,ms,lower,primary,baseline/results/951758/convolution1D-cuda/run-3.log
convolution1D-cuda,3,mask_9.fp32.conv1d-tiled.block_64,2.973996826,ms,lower,primary,baseline/results/951758/convolution1D-cuda/run-3.log
convolution1D-cuda,3,mask_9.fp32.conv1d-tiled.block_128,1.844505493,ms,lower,primary,baseline/results/951758/convolution1D-cuda/run-3.log
convolution1D-cuda,3,mask_9.fp32.conv1d-tiled.block_256,1.809773315,ms,lower,primary,baseline/results/951758/convolution1D-cuda/run-3.log
convolution1D-cuda,3,mask_9.fp32.conv1d-tiled.block_512,1.825405396,ms,lower,primary,baseline/results/951758/convolution1D-cuda/run-3.log
convolution1D-cuda,3,mask_9.fp32.conv1d-tiled.block_1024,1.911792358,ms,lower,primary,baseline/results/951758/convolution1D-cuda/run-3.log
convolution1D-cuda,3,mask_9.fp32.conv1d-tiled-caching.block_64,2.9743786620000003,ms,lower,primary,baseline/results/951758/convolution1D-cuda/run-3.log
convolution1D-cuda,3,mask_9.fp32.conv1d-tiled-caching.block_128,2.2048659670000004,ms,lower,primary,baseline/results/951758/convolution1D-cuda/run-3.log
convolution1D-cuda,3,mask_9.fp32.conv1d-tiled-caching.block_256,2.124604004,ms,lower,primary,baseline/results/951758/convolution1D-cuda/run-3.log
convolution1D-cuda,3,mask_9.fp32.conv1d-tiled-caching.block_512,2.162783691,ms,lower,primary,baseline/results/951758/convolution1D-cuda/run-3.log
convolution1D-cuda,3,mask_9.fp32.conv1d-tiled-caching.block_1024,2.280765137,ms,lower,primary,baseline/results/951758/convolution1D-cuda/run-3.log
convolution1D-cuda,3,mask_9.int16.conv1d.block_64,2.998138672,ms,lower,primary,baseline/results/951758/convolution1D-cuda/run-3.log
convolution1D-cuda,3,mask_9.int16.conv1d.block_128,1.726392578,ms,lower,primary,baseline/results/951758/convolution1D-cuda/run-3.log
convolution1D-cuda,3,mask_9.int16.conv1d.block_256,1.688982422,ms,lower,primary,baseline/results/951758/convolution1D-cuda/run-3.log
convolution1D-cuda,3,mask_9.int16.conv1d.block_512,1.6683638920000001,ms,lower,primary,baseline/results/951758/convolution1D-cuda/run-3.log
convolution1D-cuda,3,mask_9.int16.conv1d.block_1024,1.832185425,ms,lower,primary,baseline/results/951758/convolution1D-cuda/run-3.log
convolution1D-cuda,3,mask_9.int16.conv1d-tiled.block_64,2.9683271479999997,ms,lower,primary,baseline/results/951758/convolution1D-cuda/run-3.log
convolution1D-cuda,3,mask_9.int16.conv1d-tiled.block_128,1.736937256,ms,lower,primary,baseline/results/951758/convolution1D-cuda/run-3.log
convolution1D-cuda,3,mask_9.int16.conv1d-tiled.block_256,1.672273804,ms,lower,primary,baseline/results/951758/convolution1D-cuda/run-3.log
convolution1D-cuda,3,mask_9.int16.conv1d-tiled.block_512,1.6574798579999999,ms,lower,primary,baseline/results/951758/convolution1D-cuda/run-3.log
convolution1D-cuda,3,mask_9.int16.conv1d-tiled.block_1024,1.674675415,ms,lower,primary,baseline/results/951758/convolution1D-cuda/run-3.log
convolution1D-cuda,3,mask_9.int16.conv1d-tiled-caching.block_64,2.9656306150000002,ms,lower,primary,baseline/results/951758/convolution1D-cuda/run-3.log
convolution1D-cuda,3,mask_9.int16.conv1d-tiled-caching.block_128,2.213883789,ms,lower,primary,baseline/results/951758/convolution1D-cuda/run-3.log
convolution1D-cuda,3,mask_9.int16.conv1d-tiled-caching.block_256,2.1688278810000003,ms,lower,primary,baseline/results/951758/convolution1D-cuda/run-3.log
convolution1D-cuda,3,mask_9.int16.conv1d-tiled-caching.block_512,2.177338379,ms,lower,primary,baseline/results/951758/convolution1D-cuda/run-3.log
convolution1D-cuda,3,mask_9.int16.conv1d-tiled-caching.block_1024,2.217414307,ms,lower,primary,baseline/results/951758/convolution1D-cuda/run-3.log
convolution1D-cuda,4,mask_3.fp64.conv1d.block_64,2.9829916990000003,ms,lower,primary,baseline/results/951758/convolution1D-cuda/run-4.log
convolution1D-cuda,4,mask_3.fp64.conv1d.block_128,2.6792058109999997,ms,lower,primary,baseline/results/951758/convolution1D-cuda/run-4.log
convolution1D-cuda,4,mask_3.fp64.conv1d.block_256,2.683394531,ms,lower,primary,baseline/results/951758/convolution1D-cuda/run-4.log
convolution1D-cuda,4,mask_3.fp64.conv1d.block_512,2.691391846,ms,lower,primary,baseline/results/951758/convolution1D-cuda/run-4.log
convolution1D-cuda,4,mask_3.fp64.conv1d.block_1024,2.711609619,ms,lower,primary,baseline/results/951758/convolution1D-cuda/run-4.log
convolution1D-cuda,4,mask_3.fp64.conv1d-tiled.block_64,2.9843046880000004,ms,lower,primary,baseline/results/951758/convolution1D-cuda/run-4.log
convolution1D-cuda,4,mask_3.fp64.conv1d-tiled.block_128,2.7741528320000004,ms,lower,primary,baseline/results/951758/convolution1D-cuda/run-4.log
convolution1D-cuda,4,mask_3.fp64.conv1d-tiled.block_256,2.796915039,ms,lower,primary,baseline/results/951758/convolution1D-cuda/run-4.log
convolution1D-cuda,4,mask_3.fp64.conv1d-tiled.block_512,2.80392334,ms,lower,primary,baseline/results/951758/convolution1D-cuda/run-4.log
convolution1D-cuda,4,mask_3.fp64.conv1d-tiled.block_1024,2.8098879390000002,ms,lower,primary,baseline/results/951758/convolution1D-cuda/run-4.log
convolution1D-cuda,4,mask_3.fp64.conv1d-tiled-caching.block_64,2.98698291,ms,lower,primary,baseline/results/951758/convolution1D-cuda/run-4.log
convolution1D-cuda,4,mask_3.fp64.conv1d-tiled-caching.block_128,2.703615234,ms,lower,primary,baseline/results/951758/convolution1D-cuda/run-4.log
convolution1D-cuda,4,mask_3.fp64.conv1d-tiled-caching.block_256,2.7075207519999998,ms,lower,primary,baseline/results/951758/convolution1D-cuda/run-4.log
convolution1D-cuda,4,mask_3.fp64.conv1d-tiled-caching.block_512,2.7242153320000004,ms,lower,primary,baseline/results/951758/convolution1D-cuda/run-4.log
convolution1D-cuda,4,mask_3.fp64.conv1d-tiled-caching.block_1024,2.734296387,ms,lower,primary,baseline/results/951758/convolution1D-cuda/run-4.log
convolution1D-cuda,4,mask_3.fp32.conv1d.block_64,2.967968994,ms,lower,primary,baseline/results/951758/convolution1D-cuda/run-4.log
convolution1D-cuda,4,mask_3.fp32.conv1d.block_128,1.5054517820000002,ms,lower,primary,baseline/results/951758/convolution1D-cuda/run-4.log
convolution1D-cuda,4,mask_3.fp32.conv1d.block_256,1.419675537,ms,lower,primary,baseline/results/951758/convolution1D-cuda/run-4.log
convolution1D-cuda,4,mask_3.fp32.conv1d.block_512,1.4242039789999998,ms,lower,primary,baseline/results/951758/convolution1D-cuda/run-4.log
convolution1D-cuda,4,mask_3.fp32.conv1d.block_1024,1.434184814,ms,lower,primary,baseline/results/951758/convolution1D-cuda/run-4.log
convolution1D-cuda,4,mask_3.fp32.conv1d-tiled.block_64,2.969144775,ms,lower,primary,baseline/results/951758/convolution1D-cuda/run-4.log
convolution1D-cuda,4,mask_3.fp32.conv1d-tiled.block_128,1.74882666,ms,lower,primary,baseline/results/951758/convolution1D-cuda/run-4.log
convolution1D-cuda,4,mask_3.fp32.conv1d-tiled.block_256,1.6803195800000001,ms,lower,primary,baseline/results/951758/convolution1D-cuda/run-4.log
convolution1D-cuda,4,mask_3.fp32.conv1d-tiled.block_512,1.672696655,ms,lower,primary,baseline/results/951758/convolution1D-cuda/run-4.log
convolution1D-cuda,4,mask_3.fp32.conv1d-tiled.block_1024,1.706680176,ms,lower,primary,baseline/results/951758/convolution1D-cuda/run-4.log
convolution1D-cuda,4,mask_3.fp32.conv1d-tiled-caching.block_64,2.968395264,ms,lower,primary,baseline/results/951758/convolution1D-cuda/run-4.log
convolution1D-cuda,4,mask_3.fp32.conv1d-tiled-caching.block_128,1.7259027100000002,ms,lower,primary,baseline/results/951758/convolution1D-cuda/run-4.log
convolution1D-cuda,4,mask_3.fp32.conv1d-tiled-caching.block_256,1.642160767,ms,lower,primary,baseline/results/951758/convolution1D-cuda/run-4.log
convolution1D-cuda,4,mask_3.fp32.conv1d-tiled-caching.block_512,1.662221436,ms,lower,primary,baseline/results/951758/convolution1D-cuda/run-4.log
convolution1D-cuda,4,mask_3.fp32.conv1d-tiled-caching.block_1024,1.6372327880000002,ms,lower,primary,baseline/results/951758/convolution1D-cuda/run-4.log
convolution1D-cuda,4,mask_3.int16.conv1d.block_64,2.9660322270000004,ms,lower,primary,baseline/results/951758/convolution1D-cuda/run-4.log
convolution1D-cuda,4,mask_3.int16.conv1d.block_128,1.487546875,ms,lower,primary,baseline/results/951758/convolution1D-cuda/run-4.log
convolution1D-cuda,4,mask_3.int16.conv1d.block_256,1.130285889,ms,lower,primary,baseline/results/951758/convolution1D-cuda/run-4.log
convolution1D-cuda,4,mask_3.int16.conv1d.block_512,1.100630615,ms,lower,primary,baseline/results/951758/convolution1D-cuda/run-4.log
convolution1D-cuda,4,mask_3.int16.conv1d.block_1024,1.1193454589999998,ms,lower,primary,baseline/results/951758/convolution1D-cuda/run-4.log
convolution1D-cuda,4,mask_3.int16.conv1d-tiled.block_64,2.966857422,ms,lower,primary,baseline/results/951758/convolution1D-cuda/run-4.log
convolution1D-cuda,4,mask_3.int16.conv1d-tiled.block_128,1.497138306,ms,lower,primary,baseline/results/951758/convolution1D-cuda/run-4.log
convolution1D-cuda,4,mask_3.int16.conv1d-tiled.block_256,1.340501831,ms,lower,primary,baseline/results/951758/convolution1D-cuda/run-4.log
convolution1D-cuda,4,mask_3.int16.conv1d-tiled.block_512,1.292214722,ms,lower,primary,baseline/results/951758/convolution1D-cuda/run-4.log
convolution1D-cuda,4,mask_3.int16.conv1d-tiled.block_1024,1.3150395510000001,ms,lower,primary,baseline/results/951758/convolution1D-cuda/run-4.log
convolution1D-cuda,4,mask_3.int16.conv1d-tiled-caching.block_64,2.967466797,ms,lower,primary,baseline/results/951758/convolution1D-cuda/run-4.log
convolution1D-cuda,4,mask_3.int16.conv1d-tiled-caching.block_128,1.492613159,ms,lower,primary,baseline/results/951758/convolution1D-cuda/run-4.log
convolution1D-cuda,4,mask_3.int16.conv1d-tiled-caching.block_256,1.3460264890000002,ms,lower,primary,baseline/results/951758/convolution1D-cuda/run-4.log
convolution1D-cuda,4,mask_3.int16.conv1d-tiled-caching.block_512,1.3939552000000002,ms,lower,primary,baseline/results/951758/convolution1D-cuda/run-4.log
convolution1D-cuda,4,mask_3.int16.conv1d-tiled-caching.block_1024,1.4702977289999999,ms,lower,primary,baseline/results/951758/convolution1D-cuda/run-4.log
convolution1D-cuda,4,mask_5.fp64.conv1d.block_64,2.9743002929999998,ms,lower,primary,baseline/results/951758/convolution1D-cuda/run-4.log
convolution1D-cuda,4,mask_5.fp64.conv1d.block_128,2.6844685060000004,ms,lower,primary,baseline/results/951758/convolution1D-cuda/run-4.log
convolution1D-cuda,4,mask_5.fp64.conv1d.block_256,2.684527344,ms,lower,primary,baseline/results/951758/convolution1D-cuda/run-4.log
convolution1D-cuda,4,mask_5.fp64.conv1d.block_512,2.6880041500000003,ms,lower,primary,baseline/results/951758/convolution1D-cuda/run-4.log
convolution1D-cuda,4,mask_5.fp64.conv1d.block_1024,2.710975098,ms,lower,primary,baseline/results/951758/convolution1D-cuda/run-4.log
convolution1D-cuda,4,mask_5.fp64.conv1d-tiled.block_64,2.98945874,ms,lower,primary,baseline/results/951758/convolution1D-cuda/run-4.log
convolution1D-cuda,4,mask_5.fp64.conv1d-tiled.block_128,2.833390137,ms,lower,primary,baseline/results/951758/convolution1D-cuda/run-4.log
convolution1D-cuda,4,mask_5.fp64.conv1d-tiled.block_256,2.8593500979999997,ms,lower,primary,baseline/results/951758/convolution1D-cuda/run-4.log
convolution1D-cuda,4,mask_5.fp64.conv1d-tiled.block_512,2.883108398,ms,lower,primary,baseline/results/951758/convolution1D-cuda/run-4.log
convolution1D-cuda,4,mask_5.fp64.conv1d-tiled.block_1024,2.9163513180000002,ms,lower,primary,baseline/results/951758/convolution1D-cuda/run-4.log
convolution1D-cuda,4,mask_5.fp64.conv1d-tiled-caching.block_64,3.001291992,ms,lower,primary,baseline/results/951758/convolution1D-cuda/run-4.log
convolution1D-cuda,4,mask_5.fp64.conv1d-tiled-caching.block_128,2.726422607,ms,lower,primary,baseline/results/951758/convolution1D-cuda/run-4.log
convolution1D-cuda,4,mask_5.fp64.conv1d-tiled-caching.block_256,2.724324707,ms,lower,primary,baseline/results/951758/convolution1D-cuda/run-4.log
convolution1D-cuda,4,mask_5.fp64.conv1d-tiled-caching.block_512,2.735009033,ms,lower,primary,baseline/results/951758/convolution1D-cuda/run-4.log
convolution1D-cuda,4,mask_5.fp64.conv1d-tiled-caching.block_1024,2.753127686,ms,lower,primary,baseline/results/951758/convolution1D-cuda/run-4.log
convolution1D-cuda,4,mask_5.fp32.conv1d.block_64,2.981146484,ms,lower,primary,baseline/results/951758/convolution1D-cuda/run-4.log
convolution1D-cuda,4,mask_5.fp32.conv1d.block_128,1.488661377,ms,lower,primary,baseline/results/951758/convolution1D-cuda/run-4.log
convolution1D-cuda,4,mask_5.fp32.conv1d.block_256,1.414300049,ms,lower,primary,baseline/results/951758/convolution1D-cuda/run-4.log
convolution1D-cuda,4,mask_5.fp32.conv1d.block_512,1.4115312500000001,ms,lower,primary,baseline/results/951758/convolution1D-cuda/run-4.log
convolution1D-cuda,4,mask_5.fp32.conv1d.block_1024,1.450197632,ms,lower,primary,baseline/results/951758/convolution1D-cuda/run-4.log
convolution1D-cuda,4,mask_5.fp32.conv1d-tiled.block_64,2.970461182,ms,lower,primary,baseline/results/951758/convolution1D-cuda/run-4.log
convolution1D-cuda,4,mask_5.fp32.conv1d-tiled.block_128,1.807119019,ms,lower,primary,baseline/results/951758/convolution1D-cuda/run-4.log
convolution1D-cuda,4,mask_5.fp32.conv1d-tiled.block_256,1.756436401,ms,lower,primary,baseline/results/951758/convolution1D-cuda/run-4.log
convolution1D-cuda,4,mask_5.fp32.conv1d-tiled.block_512,1.765176392,ms,lower,primary,baseline/results/951758/convolution1D-cuda/run-4.log
convolution1D-cuda,4,mask_5.fp32.conv1d-tiled.block_1024,1.809855591,ms,lower,primary,baseline/results/951758/convolution1D-cuda/run-4.log
convolution1D-cuda,4,mask_5.fp32.conv1d-tiled-caching.block_64,2.9702702640000003,ms,lower,primary,baseline/results/951758/convolution1D-cuda/run-4.log
convolution1D-cuda,4,mask_5.fp32.conv1d-tiled-caching.block_128,1.8691607670000001,ms,lower,primary,baseline/results/951758/convolution1D-cuda/run-4.log
convolution1D-cuda,4,mask_5.fp32.conv1d-tiled-caching.block_256,1.7693243410000001,ms,lower,primary,baseline/results/951758/convolution1D-cuda/run-4.log
convolution1D-cuda,4,mask_5.fp32.conv1d-tiled-caching.block_512,1.780440186,ms,lower,primary,baseline/results/951758/convolution1D-cuda/run-4.log
convolution1D-cuda,4,mask_5.fp32.conv1d-tiled-caching.block_1024,1.842057251,ms,lower,primary,baseline/results/951758/convolution1D-cuda/run-4.log
convolution1D-cuda,4,mask_5.int16.conv1d.block_64,2.967611328,ms,lower,primary,baseline/results/951758/convolution1D-cuda/run-4.log
convolution1D-cuda,4,mask_5.int16.conv1d.block_128,1.486240967,ms,lower,primary,baseline/results/951758/convolution1D-cuda/run-4.log
convolution1D-cuda,4,mask_5.int16.conv1d.block_256,1.16676355,ms,lower,primary,baseline/results/951758/convolution1D-cuda/run-4.log
convolution1D-cuda,4,mask_5.int16.conv1d.block_512,1.1685349120000001,ms,lower,primary,baseline/results/951758/convolution1D-cuda/run-4.log
convolution1D-cuda,4,mask_5.int16.conv1d.block_1024,1.2857843020000002,ms,lower,primary,baseline/results/951758/convolution1D-cuda/run-4.log
convolution1D-cuda,4,mask_5.int16.conv1d-tiled.block_64,2.96725,ms,lower,primary,baseline/results/951758/convolution1D-cuda/run-4.log
convolution1D-cuda,4,mask_5.int16.conv1d-tiled.block_128,1.5620405270000002,ms,lower,primary,baseline/results/951758/convolution1D-cuda/run-4.log
convolution1D-cuda,4,mask_5.int16.conv1d-tiled.block_256,1.500606689,ms,lower,primary,baseline/results/951758/convolution1D-cuda/run-4.log
convolution1D-cuda,4,mask_5.int16.conv1d-tiled.block_512,1.47261438,ms,lower,primary,baseline/results/951758/convolution1D-cuda/run-4.log
convolution1D-cuda,4,mask_5.int16.conv1d-tiled.block_1024,1.498569824,ms,lower,primary,baseline/results/951758/convolution1D-cuda/run-4.log
convolution1D-cuda,4,mask_5.int16.conv1d-tiled-caching.block_64,2.966999512,ms,lower,primary,baseline/results/951758/convolution1D-cuda/run-4.log
convolution1D-cuda,4,mask_5.int16.conv1d-tiled-caching.block_128,1.5926809080000002,ms,lower,primary,baseline/results/951758/convolution1D-cuda/run-4.log
convolution1D-cuda,4,mask_5.int16.conv1d-tiled-caching.block_256,1.5691673579999998,ms,lower,primary,baseline/results/951758/convolution1D-cuda/run-4.log
convolution1D-cuda,4,mask_5.int16.conv1d-tiled-caching.block_512,1.621162476,ms,lower,primary,baseline/results/951758/convolution1D-cuda/run-4.log
convolution1D-cuda,4,mask_5.int16.conv1d-tiled-caching.block_1024,1.748712646,ms,lower,primary,baseline/results/951758/convolution1D-cuda/run-4.log
convolution1D-cuda,4,mask_7.fp64.conv1d.block_64,3.014571777,ms,lower,primary,baseline/results/951758/convolution1D-cuda/run-4.log
convolution1D-cuda,4,mask_7.fp64.conv1d.block_128,2.700000244,ms,lower,primary,baseline/results/951758/convolution1D-cuda/run-4.log
convolution1D-cuda,4,mask_7.fp64.conv1d.block_256,2.7028886720000003,ms,lower,primary,baseline/results/951758/convolution1D-cuda/run-4.log
convolution1D-cuda,4,mask_7.fp64.conv1d.block_512,2.71129126,ms,lower,primary,baseline/results/951758/convolution1D-cuda/run-4.log
convolution1D-cuda,4,mask_7.fp64.conv1d.block_1024,2.7107846679999996,ms,lower,primary,baseline/results/951758/convolution1D-cuda/run-4.log
convolution1D-cuda,4,mask_7.fp64.conv1d-tiled.block_64,2.9953430180000002,ms,lower,primary,baseline/results/951758/convolution1D-cuda/run-4.log
convolution1D-cuda,4,mask_7.fp64.conv1d-tiled.block_128,2.9048903810000004,ms,lower,primary,baseline/results/951758/convolution1D-cuda/run-4.log
convolution1D-cuda,4,mask_7.fp64.conv1d-tiled.block_256,2.961984863,ms,lower,primary,baseline/results/951758/convolution1D-cuda/run-4.log
convolution1D-cuda,4,mask_7.fp64.conv1d-tiled.block_512,2.9974836430000003,ms,lower,primary,baseline/results/951758/convolution1D-cuda/run-4.log
convolution1D-cuda,4,mask_7.fp64.conv1d-tiled.block_1024,3.031840088,ms,lower,primary,baseline/results/951758/convolution1D-cuda/run-4.log
convolution1D-cuda,4,mask_7.fp64.conv1d-tiled-caching.block_64,3.0198010250000005,ms,lower,primary,baseline/results/951758/convolution1D-cuda/run-4.log
convolution1D-cuda,4,mask_7.fp64.conv1d-tiled-caching.block_128,2.7695209960000002,ms,lower,primary,baseline/results/951758/convolution1D-cuda/run-4.log
convolution1D-cuda,4,mask_7.fp64.conv1d-tiled-caching.block_256,2.7634191890000004,ms,lower,primary,baseline/results/951758/convolution1D-cuda/run-4.log
convolution1D-cuda,4,mask_7.fp64.conv1d-tiled-caching.block_512,2.778936523,ms,lower,primary,baseline/results/951758/convolution1D-cuda/run-4.log
convolution1D-cuda,4,mask_7.fp64.conv1d-tiled-caching.block_1024,2.8049208979999998,ms,lower,primary,baseline/results/951758/convolution1D-cuda/run-4.log
convolution1D-cuda,4,mask_7.fp32.conv1d.block_64,2.990881592,ms,lower,primary,baseline/results/951758/convolution1D-cuda/run-4.log
convolution1D-cuda,4,mask_7.fp32.conv1d.block_128,1.567157715,ms,lower,primary,baseline/results/951758/convolution1D-cuda/run-4.log
convolution1D-cuda,4,mask_7.fp32.conv1d.block_256,1.523812866,ms,lower,primary,baseline/results/951758/convolution1D-cuda/run-4.log
convolution1D-cuda,4,mask_7.fp32.conv1d.block_512,1.5369899900000001,ms,lower,primary,baseline/results/951758/convolution1D-cuda/run-4.log
convolution1D-cuda,4,mask_7.fp32.conv1d.block_1024,1.580276611,ms,lower,primary,baseline/results/951758/convolution1D-cuda/run-4.log
convolution1D-cuda,4,mask_7.fp32.conv1d-tiled.block_64,2.9741018070000003,ms,lower,primary,baseline/results/951758/convolution1D-cuda/run-4.log
convolution1D-cuda,4,mask_7.fp32.conv1d-tiled.block_128,1.8990162350000002,ms,lower,primary,baseline/results/951758/convolution1D-cuda/run-4.log
convolution1D-cuda,4,mask_7.fp32.conv1d-tiled.block_256,1.886194458,ms,lower,primary,baseline/results/951758/convolution1D-cuda/run-4.log
convolution1D-cuda,4,mask_7.fp32.conv1d-tiled.block_512,1.906602173,ms,lower,primary,baseline/results/951758/convolution1D-cuda/run-4.log
convolution1D-cuda,4,mask_7.fp32.conv1d-tiled.block_1024,1.9301451420000002,ms,lower,primary,baseline/results/951758/convolution1D-cuda/run-4.log
convolution1D-cuda,4,mask_7.fp32.conv1d-tiled-caching.block_64,2.980611572,ms,lower,primary,baseline/results/951758/convolution1D-cuda/run-4.log
convolution1D-cuda,4,mask_7.fp32.conv1d-tiled-caching.block_128,2.062749268,ms,lower,primary,baseline/results/951758/convolution1D-cuda/run-4.log
convolution1D-cuda,4,mask_7.fp32.conv1d-tiled-caching.block_256,1.976884521,ms,lower,primary,baseline/results/951758/convolution1D-cuda/run-4.log
convolution1D-cuda,4,mask_7.fp32.conv1d-tiled-caching.block_512,2.007821167,ms,lower,primary,baseline/results/951758/convolution1D-cuda/run-4.log
convolution1D-cuda,4,mask_7.fp32.conv1d-tiled-caching.block_1024,2.1305478520000003,ms,lower,primary,baseline/results/951758/convolution1D-cuda/run-4.log
convolution1D-cuda,4,mask_7.int16.conv1d.block_64,2.995458252,ms,lower,primary,baseline/results/951758/convolution1D-cuda/run-4.log
convolution1D-cuda,4,mask_7.int16.conv1d.block_128,1.5734573969999999,ms,lower,primary,baseline/results/951758/convolution1D-cuda/run-4.log
convolution1D-cuda,4,mask_7.int16.conv1d.block_256,1.529772827,ms,lower,primary,baseline/results/951758/convolution1D-cuda/run-4.log
convolution1D-cuda,4,mask_7.int16.conv1d.block_512,1.521737305,ms,lower,primary,baseline/results/951758/convolution1D-cuda/run-4.log
convolution1D-cuda,4,mask_7.int16.conv1d.block_1024,1.619320068,ms,lower,primary,baseline/results/951758/convolution1D-cuda/run-4.log
convolution1D-cuda,4,mask_7.int16.conv1d-tiled.block_64,2.9674685060000003,ms,lower,primary,baseline/results/951758/convolution1D-cuda/run-4.log
convolution1D-cuda,4,mask_7.int16.conv1d-tiled.block_128,1.776428955,ms,lower,primary,baseline/results/951758/convolution1D-cuda/run-4.log
convolution1D-cuda,4,mask_7.int16.conv1d-tiled.block_256,1.7115201420000001,ms,lower,primary,baseline/results/951758/convolution1D-cuda/run-4.log
convolution1D-cuda,4,mask_7.int16.conv1d-tiled.block_512,1.684461548,ms,lower,primary,baseline/results/951758/convolution1D-cuda/run-4.log
convolution1D-cuda,4,mask_7.int16.conv1d-tiled.block_1024,1.7089111330000002,ms,lower,primary,baseline/results/951758/convolution1D-cuda/run-4.log
convolution1D-cuda,4,mask_7.int16.conv1d-tiled-caching.block_64,2.966092529,ms,lower,primary,baseline/results/951758/convolution1D-cuda/run-4.log
convolution1D-cuda,4,mask_7.int16.conv1d-tiled-caching.block_128,1.99244751,ms,lower,primary,baseline/results/951758/convolution1D-cuda/run-4.log
convolution1D-cuda,4,mask_7.int16.conv1d-tiled-caching.block_256,1.957977173,ms,lower,primary,baseline/results/951758/convolution1D-cuda/run-4.log
convolution1D-cuda,4,mask_7.int16.conv1d-tiled-caching.block_512,1.973631592,ms,lower,primary,baseline/results/951758/convolution1D-cuda/run-4.log
convolution1D-cuda,4,mask_7.int16.conv1d-tiled-caching.block_1024,2.1021123050000003,ms,lower,primary,baseline/results/951758/convolution1D-cuda/run-4.log
convolution1D-cuda,4,mask_9.fp64.conv1d.block_64,3.005884521,ms,lower,primary,baseline/results/951758/convolution1D-cuda/run-4.log
convolution1D-cuda,4,mask_9.fp64.conv1d.block_128,2.704419922,ms,lower,primary,baseline/results/951758/convolution1D-cuda/run-4.log
convolution1D-cuda,4,mask_9.fp64.conv1d.block_256,2.706024658,ms,lower,primary,baseline/results/951758/convolution1D-cuda/run-4.log
convolution1D-cuda,4,mask_9.fp64.conv1d.block_512,2.717456055,ms,lower,primary,baseline/results/951758/convolution1D-cuda/run-4.log
convolution1D-cuda,4,mask_9.fp64.conv1d.block_1024,2.719640137,ms,lower,primary,baseline/results/951758/convolution1D-cuda/run-4.log
convolution1D-cuda,4,mask_9.fp64.conv1d-tiled.block_64,2.995825195,ms,lower,primary,baseline/results/951758/convolution1D-cuda/run-4.log
convolution1D-cuda,4,mask_9.fp64.conv1d-tiled.block_128,2.916779785,ms,lower,primary,baseline/results/951758/convolution1D-cuda/run-4.log
convolution1D-cuda,4,mask_9.fp64.conv1d-tiled.block_256,2.982267578,ms,lower,primary,baseline/results/951758/convolution1D-cuda/run-4.log
convolution1D-cuda,4,mask_9.fp64.conv1d-tiled.block_512,3.0410739749999998,ms,lower,primary,baseline/results/951758/convolution1D-cuda/run-4.log
convolution1D-cuda,4,mask_9.fp64.conv1d-tiled.block_1024,3.0805014649999998,ms,lower,primary,baseline/results/951758/convolution1D-cuda/run-4.log
convolution1D-cuda,4,mask_9.fp64.conv1d-tiled-caching.block_64,3.042359619,ms,lower,primary,baseline/results/951758/convolution1D-cuda/run-4.log
convolution1D-cuda,4,mask_9.fp64.conv1d-tiled-caching.block_128,2.816418457,ms,lower,primary,baseline/results/951758/convolution1D-cuda/run-4.log
convolution1D-cuda,4,mask_9.fp64.conv1d-tiled-caching.block_256,2.8076411130000003,ms,lower,primary,baseline/results/951758/convolution1D-cuda/run-4.log
convolution1D-cuda,4,mask_9.fp64.conv1d-tiled-caching.block_512,2.827373047,ms,lower,primary,baseline/results/951758/convolution1D-cuda/run-4.log
convolution1D-cuda,4,mask_9.fp64.conv1d-tiled-caching.block_1024,2.86440918,ms,lower,primary,baseline/results/951758/convolution1D-cuda/run-4.log
convolution1D-cuda,4,mask_9.fp32.conv1d.block_64,3.005295654,ms,lower,primary,baseline/results/951758/convolution1D-cuda/run-4.log
convolution1D-cuda,4,mask_9.fp32.conv1d.block_128,1.5813035890000002,ms,lower,primary,baseline/results/951758/convolution1D-cuda/run-4.log
convolution1D-cuda,4,mask_9.fp32.conv1d.block_256,1.5477589109999998,ms,lower,primary,baseline/results/951758/convolution1D-cuda/run-4.log
convolution1D-cuda,4,mask_9.fp32.conv1d.block_512,1.578339233,ms,lower,primary,baseline/results/951758/convolution1D-cuda/run-4.log
convolution1D-cuda,4,mask_9.fp32.conv1d.block_1024,1.6257680660000002,ms,lower,primary,baseline/results/951758/convolution1D-cuda/run-4.log
convolution1D-cuda,4,mask_9.fp32.conv1d-tiled.block_64,2.973281494,ms,lower,primary,baseline/results/951758/convolution1D-cuda/run-4.log
convolution1D-cuda,4,mask_9.fp32.conv1d-tiled.block_128,1.8445883790000002,ms,lower,primary,baseline/results/951758/convolution1D-cuda/run-4.log
convolution1D-cuda,4,mask_9.fp32.conv1d-tiled.block_256,1.809738037,ms,lower,primary,baseline/results/951758/convolution1D-cuda/run-4.log
convolution1D-cuda,4,mask_9.fp32.conv1d-tiled.block_512,1.825174194,ms,lower,primary,baseline/results/951758/convolution1D-cuda/run-4.log
convolution1D-cuda,4,mask_9.fp32.conv1d-tiled.block_1024,1.911275146,ms,lower,primary,baseline/results/951758/convolution1D-cuda/run-4.log
convolution1D-cuda,4,mask_9.fp32.conv1d-tiled-caching.block_64,2.97360083,ms,lower,primary,baseline/results/951758/convolution1D-cuda/run-4.log
convolution1D-cuda,4,mask_9.fp32.conv1d-tiled-caching.block_128,2.2053134770000002,ms,lower,primary,baseline/results/951758/convolution1D-cuda/run-4.log
convolution1D-cuda,4,mask_9.fp32.conv1d-tiled-caching.block_256,2.1241921390000003,ms,lower,primary,baseline/results/951758/convolution1D-cuda/run-4.log
convolution1D-cuda,4,mask_9.fp32.conv1d-tiled-caching.block_512,2.163746826,ms,lower,primary,baseline/results/951758/convolution1D-cuda/run-4.log
convolution1D-cuda,4,mask_9.fp32.conv1d-tiled-caching.block_1024,2.279247314,ms,lower,primary,baseline/results/951758/convolution1D-cuda/run-4.log
convolution1D-cuda,4,mask_9.int16.conv1d.block_64,3.0067043460000002,ms,lower,primary,baseline/results/951758/convolution1D-cuda/run-4.log
convolution1D-cuda,4,mask_9.int16.conv1d.block_128,1.726392822,ms,lower,primary,baseline/results/951758/convolution1D-cuda/run-4.log
convolution1D-cuda,4,mask_9.int16.conv1d.block_256,1.688860352,ms,lower,primary,baseline/results/951758/convolution1D-cuda/run-4.log
convolution1D-cuda,4,mask_9.int16.conv1d.block_512,1.6682845460000002,ms,lower,primary,baseline/results/951758/convolution1D-cuda/run-4.log
convolution1D-cuda,4,mask_9.int16.conv1d.block_1024,1.832119995,ms,lower,primary,baseline/results/951758/convolution1D-cuda/run-4.log
convolution1D-cuda,4,mask_9.int16.conv1d-tiled.block_64,2.968342773,ms,lower,primary,baseline/results/951758/convolution1D-cuda/run-4.log
convolution1D-cuda,4,mask_9.int16.conv1d-tiled.block_128,1.7367833250000002,ms,lower,primary,baseline/results/951758/convolution1D-cuda/run-4.log
convolution1D-cuda,4,mask_9.int16.conv1d-tiled.block_256,1.6720092770000001,ms,lower,primary,baseline/results/951758/convolution1D-cuda/run-4.log
convolution1D-cuda,4,mask_9.int16.conv1d-tiled.block_512,1.657074219,ms,lower,primary,baseline/results/951758/convolution1D-cuda/run-4.log
convolution1D-cuda,4,mask_9.int16.conv1d-tiled.block_1024,1.674138794,ms,lower,primary,baseline/results/951758/convolution1D-cuda/run-4.log
convolution1D-cuda,4,mask_9.int16.conv1d-tiled-caching.block_64,2.965708008,ms,lower,primary,baseline/results/951758/convolution1D-cuda/run-4.log
convolution1D-cuda,4,mask_9.int16.conv1d-tiled-caching.block_128,2.213353516,ms,lower,primary,baseline/results/951758/convolution1D-cuda/run-4.log
convolution1D-cuda,4,mask_9.int16.conv1d-tiled-caching.block_256,2.169689453,ms,lower,primary,baseline/results/951758/convolution1D-cuda/run-4.log
convolution1D-cuda,4,mask_9.int16.conv1d-tiled-caching.block_512,2.177231201,ms,lower,primary,baseline/results/951758/convolution1D-cuda/run-4.log
convolution1D-cuda,4,mask_9.int16.conv1d-tiled-caching.block_1024,2.217636475,ms,lower,primary,baseline/results/951758/convolution1D-cuda/run-4.log
convolution1D-cuda,5,mask_3.fp64.conv1d.block_64,2.982937988,ms,lower,primary,baseline/results/951758/convolution1D-cuda/run-5.log
convolution1D-cuda,5,mask_3.fp64.conv1d.block_128,2.6793015140000005,ms,lower,primary,baseline/results/951758/convolution1D-cuda/run-5.log
convolution1D-cuda,5,mask_3.fp64.conv1d.block_256,2.683412842,ms,lower,primary,baseline/results/951758/convolution1D-cuda/run-5.log
convolution1D-cuda,5,mask_3.fp64.conv1d.block_512,2.6914821780000002,ms,lower,primary,baseline/results/951758/convolution1D-cuda/run-5.log
convolution1D-cuda,5,mask_3.fp64.conv1d.block_1024,2.711793213,ms,lower,primary,baseline/results/951758/convolution1D-cuda/run-5.log
convolution1D-cuda,5,mask_3.fp64.conv1d-tiled.block_64,2.9841115719999998,ms,lower,primary,baseline/results/951758/convolution1D-cuda/run-5.log
convolution1D-cuda,5,mask_3.fp64.conv1d-tiled.block_128,2.774553223,ms,lower,primary,baseline/results/951758/convolution1D-cuda/run-5.log
convolution1D-cuda,5,mask_3.fp64.conv1d-tiled.block_256,2.797275635,ms,lower,primary,baseline/results/951758/convolution1D-cuda/run-5.log
convolution1D-cuda,5,mask_3.fp64.conv1d-tiled.block_512,2.8039301759999997,ms,lower,primary,baseline/results/951758/convolution1D-cuda/run-5.log
convolution1D-cuda,5,mask_3.fp64.conv1d-tiled.block_1024,2.809744629,ms,lower,primary,baseline/results/951758/convolution1D-cuda/run-5.log
convolution1D-cuda,5,mask_3.fp64.conv1d-tiled-caching.block_64,2.986867432,ms,lower,primary,baseline/results/951758/convolution1D-cuda/run-5.log
convolution1D-cuda,5,mask_3.fp64.conv1d-tiled-caching.block_128,2.703666992,ms,lower,primary,baseline/results/951758/convolution1D-cuda/run-5.log
convolution1D-cuda,5,mask_3.fp64.conv1d-tiled-caching.block_256,2.707598633,ms,lower,primary,baseline/results/951758/convolution1D-cuda/run-5.log
convolution1D-cuda,5,mask_3.fp64.conv1d-tiled-caching.block_512,2.724360107,ms,lower,primary,baseline/results/951758/convolution1D-cuda/run-5.log
convolution1D-cuda,5,mask_3.fp64.conv1d-tiled-caching.block_1024,2.7345256350000002,ms,lower,primary,baseline/results/951758/convolution1D-cuda/run-5.log
convolution1D-cuda,5,mask_3.fp32.conv1d.block_64,2.9679672850000003,ms,lower,primary,baseline/results/951758/convolution1D-cuda/run-5.log
convolution1D-cuda,5,mask_3.fp32.conv1d.block_128,1.50544397,ms,lower,primary,baseline/results/951758/convolution1D-cuda/run-5.log
convolution1D-cuda,5,mask_3.fp32.conv1d.block_256,1.419583496,ms,lower,primary,baseline/results/951758/convolution1D-cuda/run-5.log
convolution1D-cuda,5,mask_3.fp32.conv1d.block_512,1.42420105,ms,lower,primary,baseline/results/951758/convolution1D-cuda/run-5.log
convolution1D-cuda,5,mask_3.fp32.conv1d.block_1024,1.434156616,ms,lower,primary,baseline/results/951758/convolution1D-cuda/run-5.log
convolution1D-cuda,5,mask_3.fp32.conv1d-tiled.block_64,2.9691560060000004,ms,lower,primary,baseline/results/951758/convolution1D-cuda/run-5.log
convolution1D-cuda,5,mask_3.fp32.conv1d-tiled.block_128,1.748848267,ms,lower,primary,baseline/results/951758/convolution1D-cuda/run-5.log
convolution1D-cuda,5,mask_3.fp32.conv1d-tiled.block_256,1.6804041749999998,ms,lower,primary,baseline/results/951758/convolution1D-cuda/run-5.log
convolution1D-cuda,5,mask_3.fp32.conv1d-tiled.block_512,1.672754272,ms,lower,primary,baseline/results/951758/convolution1D-cuda/run-5.log
convolution1D-cuda,5,mask_3.fp32.conv1d-tiled.block_1024,1.706430542,ms,lower,primary,baseline/results/951758/convolution1D-cuda/run-5.log
convolution1D-cuda,5,mask_3.fp32.conv1d-tiled-caching.block_64,2.968318115,ms,lower,primary,baseline/results/951758/convolution1D-cuda/run-5.log
convolution1D-cuda,5,mask_3.fp32.conv1d-tiled-caching.block_128,1.725917358,ms,lower,primary,baseline/results/951758/convolution1D-cuda/run-5.log
convolution1D-cuda,5,mask_3.fp32.conv1d-tiled-caching.block_256,1.642120972,ms,lower,primary,baseline/results/951758/convolution1D-cuda/run-5.log
convolution1D-cuda,5,mask_3.fp32.conv1d-tiled-caching.block_512,1.662307617,ms,lower,primary,baseline/results/951758/convolution1D-cuda/run-5.log
convolution1D-cuda,5,mask_3.fp32.conv1d-tiled-caching.block_1024,1.63718689,ms,lower,primary,baseline/results/951758/convolution1D-cuda/run-5.log
convolution1D-cuda,5,mask_3.int16.conv1d.block_64,2.9660080570000003,ms,lower,primary,baseline/results/951758/convolution1D-cuda/run-5.log
convolution1D-cuda,5,mask_3.int16.conv1d.block_128,1.487581909,ms,lower,primary,baseline/results/951758/convolution1D-cuda/run-5.log
convolution1D-cuda,5,mask_3.int16.conv1d.block_256,1.1303236079999999,ms,lower,primary,baseline/results/951758/convolution1D-cuda/run-5.log
convolution1D-cuda,5,mask_3.int16.conv1d.block_512,1.100803345,ms,lower,primary,baseline/results/951758/convolution1D-cuda/run-5.log
convolution1D-cuda,5,mask_3.int16.conv1d.block_1024,1.119799561,ms,lower,primary,baseline/results/951758/convolution1D-cuda/run-5.log
convolution1D-cuda,5,mask_3.int16.conv1d-tiled.block_64,2.966841309,ms,lower,primary,baseline/results/951758/convolution1D-cuda/run-5.log
convolution1D-cuda,5,mask_3.int16.conv1d-tiled.block_128,1.497246094,ms,lower,primary,baseline/results/951758/convolution1D-cuda/run-5.log
convolution1D-cuda,5,mask_3.int16.conv1d-tiled.block_256,1.3407342530000002,ms,lower,primary,baseline/results/951758/convolution1D-cuda/run-5.log
convolution1D-cuda,5,mask_3.int16.conv1d-tiled.block_512,1.292537231,ms,lower,primary,baseline/results/951758/convolution1D-cuda/run-5.log
convolution1D-cuda,5,mask_3.int16.conv1d-tiled.block_1024,1.315540771,ms,lower,primary,baseline/results/951758/convolution1D-cuda/run-5.log
convolution1D-cuda,5,mask_3.int16.conv1d-tiled-caching.block_64,2.9676135250000004,ms,lower,primary,baseline/results/951758/convolution1D-cuda/run-5.log
convolution1D-cuda,5,mask_3.int16.conv1d-tiled-caching.block_128,1.492676514,ms,lower,primary,baseline/results/951758/convolution1D-cuda/run-5.log
convolution1D-cuda,5,mask_3.int16.conv1d-tiled-caching.block_256,1.346192749,ms,lower,primary,baseline/results/951758/convolution1D-cuda/run-5.log
convolution1D-cuda,5,mask_3.int16.conv1d-tiled-caching.block_512,1.3941779790000002,ms,lower,primary,baseline/results/951758/convolution1D-cuda/run-5.log
convolution1D-cuda,5,mask_3.int16.conv1d-tiled-caching.block_1024,1.470610596,ms,lower,primary,baseline/results/951758/convolution1D-cuda/run-5.log
convolution1D-cuda,5,mask_5.fp64.conv1d.block_64,2.9856640619999997,ms,lower,primary,baseline/results/951758/convolution1D-cuda/run-5.log
convolution1D-cuda,5,mask_5.fp64.conv1d.block_128,2.684539551,ms,lower,primary,baseline/results/951758/convolution1D-cuda/run-5.log
convolution1D-cuda,5,mask_5.fp64.conv1d.block_256,2.684554443,ms,lower,primary,baseline/results/951758/convolution1D-cuda/run-5.log
convolution1D-cuda,5,mask_5.fp64.conv1d.block_512,2.688024658,ms,lower,primary,baseline/results/951758/convolution1D-cuda/run-5.log
convolution1D-cuda,5,mask_5.fp64.conv1d.block_1024,2.7109880370000004,ms,lower,primary,baseline/results/951758/convolution1D-cuda/run-5.log
convolution1D-cuda,5,mask_5.fp64.conv1d-tiled.block_64,2.989620361,ms,lower,primary,baseline/results/951758/convolution1D-cuda/run-5.log
convolution1D-cuda,5,mask_5.fp64.conv1d-tiled.block_128,2.833942383,ms,lower,primary,baseline/results/951758/convolution1D-cuda/run-5.log
convolution1D-cuda,5,mask_5.fp64.conv1d-tiled.block_256,2.859501953,ms,lower,primary,baseline/results/951758/convolution1D-cuda/run-5.log
convolution1D-cuda,5,mask_5.fp64.conv1d-tiled.block_512,2.8833903810000003,ms,lower,primary,baseline/results/951758/convolution1D-cuda/run-5.log
convolution1D-cuda,5,mask_5.fp64.conv1d-tiled.block_1024,2.916924561,ms,lower,primary,baseline/results/951758/convolution1D-cuda/run-5.log
convolution1D-cuda,5,mask_5.fp64.conv1d-tiled-caching.block_64,3.001699951,ms,lower,primary,baseline/results/951758/convolution1D-cuda/run-5.log
convolution1D-cuda,5,mask_5.fp64.conv1d-tiled-caching.block_128,2.726557617,ms,lower,primary,baseline/results/951758/convolution1D-cuda/run-5.log
convolution1D-cuda,5,mask_5.fp64.conv1d-tiled-caching.block_256,2.7243940429999998,ms,lower,primary,baseline/results/951758/convolution1D-cuda/run-5.log
convolution1D-cuda,5,mask_5.fp64.conv1d-tiled-caching.block_512,2.7350539549999997,ms,lower,primary,baseline/results/951758/convolution1D-cuda/run-5.log
convolution1D-cuda,5,mask_5.fp64.conv1d-tiled-caching.block_1024,2.753203857,ms,lower,primary,baseline/results/951758/convolution1D-cuda/run-5.log
convolution1D-cuda,5,mask_5.fp32.conv1d.block_64,2.9991130370000003,ms,lower,primary,baseline/results/951758/convolution1D-cuda/run-5.log
convolution1D-cuda,5,mask_5.fp32.conv1d.block_128,1.488679321,ms,lower,primary,baseline/results/951758/convolution1D-cuda/run-5.log
convolution1D-cuda,5,mask_5.fp32.conv1d.block_256,1.414425781,ms,lower,primary,baseline/results/951758/convolution1D-cuda/run-5.log
convolution1D-cuda,5,mask_5.fp32.conv1d.block_512,1.411613892,ms,lower,primary,baseline/results/951758/convolution1D-cuda/run-5.log
convolution1D-cuda,5,mask_5.fp32.conv1d.block_1024,1.45038623,ms,lower,primary,baseline/results/951758/convolution1D-cuda/run-5.log
convolution1D-cuda,5,mask_5.fp32.conv1d-tiled.block_64,2.970469971,ms,lower,primary,baseline/results/951758/convolution1D-cuda/run-5.log
convolution1D-cuda,5,mask_5.fp32.conv1d-tiled.block_128,1.807511597,ms,lower,primary,baseline/results/951758/convolution1D-cuda/run-5.log
convolution1D-cuda,5,mask_5.fp32.conv1d-tiled.block_256,1.756536255,ms,lower,primary,baseline/results/951758/convolution1D-cuda/run-5.log
convolution1D-cuda,5,mask_5.fp32.conv1d-tiled.block_512,1.7653914789999998,ms,lower,primary,baseline/results/951758/convolution1D-cuda/run-5.log
convolution1D-cuda,5,mask_5.fp32.conv1d-tiled.block_1024,1.809856567,ms,lower,primary,baseline/results/951758/convolution1D-cuda/run-5.log
convolution1D-cuda,5,mask_5.fp32.conv1d-tiled-caching.block_64,2.97026001,ms,lower,primary,baseline/results/951758/convolution1D-cuda/run-5.log
convolution1D-cuda,5,mask_5.fp32.conv1d-tiled-caching.block_128,1.8697281490000002,ms,lower,primary,baseline/results/951758/convolution1D-cuda/run-5.log
convolution1D-cuda,5,mask_5.fp32.conv1d-tiled-caching.block_256,1.7701252440000002,ms,lower,primary,baseline/results/951758/convolution1D-cuda/run-5.log
convolution1D-cuda,5,mask_5.fp32.conv1d-tiled-caching.block_512,1.781142456,ms,lower,primary,baseline/results/951758/convolution1D-cuda/run-5.log
convolution1D-cuda,5,mask_5.fp32.conv1d-tiled-caching.block_1024,1.842356689,ms,lower,primary,baseline/results/951758/convolution1D-cuda/run-5.log
convolution1D-cuda,5,mask_5.int16.conv1d.block_64,2.967696533,ms,lower,primary,baseline/results/951758/convolution1D-cuda/run-5.log
convolution1D-cuda,5,mask_5.int16.conv1d.block_128,1.486317627,ms,lower,primary,baseline/results/951758/convolution1D-cuda/run-5.log
convolution1D-cuda,5,mask_5.int16.conv1d.block_256,1.166834717,ms,lower,primary,baseline/results/951758/convolution1D-cuda/run-5.log
convolution1D-cuda,5,mask_5.int16.conv1d.block_512,1.169797729,ms,lower,primary,baseline/results/951758/convolution1D-cuda/run-5.log
convolution1D-cuda,5,mask_5.int16.conv1d.block_1024,1.2869764399999999,ms,lower,primary,baseline/results/951758/convolution1D-cuda/run-5.log
convolution1D-cuda,5,mask_5.int16.conv1d-tiled.block_64,2.967249023,ms,lower,primary,baseline/results/951758/convolution1D-cuda/run-5.log
convolution1D-cuda,5,mask_5.int16.conv1d-tiled.block_128,1.562219482,ms,lower,primary,baseline/results/951758/convolution1D-cuda/run-5.log
convolution1D-cuda,5,mask_5.int16.conv1d-tiled.block_256,1.5013732910000002,ms,lower,primary,baseline/results/951758/convolution1D-cuda/run-5.log
convolution1D-cuda,5,mask_5.int16.conv1d-tiled.block_512,1.472739746,ms,lower,primary,baseline/results/951758/convolution1D-cuda/run-5.log
convolution1D-cuda,5,mask_5.int16.conv1d-tiled.block_1024,1.498856567,ms,lower,primary,baseline/results/951758/convolution1D-cuda/run-5.log
convolution1D-cuda,5,mask_5.int16.conv1d-tiled-caching.block_64,2.9671250000000002,ms,lower,primary,baseline/results/951758/convolution1D-cuda/run-5.log
convolution1D-cuda,5,mask_5.int16.conv1d-tiled-caching.block_128,1.592630005,ms,lower,primary,baseline/results/951758/convolution1D-cuda/run-5.log
convolution1D-cuda,5,mask_5.int16.conv1d-tiled-caching.block_256,1.569211914,ms,lower,primary,baseline/results/951758/convolution1D-cuda/run-5.log
convolution1D-cuda,5,mask_5.int16.conv1d-tiled-caching.block_512,1.617742798,ms,lower,primary,baseline/results/951758/convolution1D-cuda/run-5.log
convolution1D-cuda,5,mask_5.int16.conv1d-tiled-caching.block_1024,1.7486655270000002,ms,lower,primary,baseline/results/951758/convolution1D-cuda/run-5.log
convolution1D-cuda,5,mask_7.fp64.conv1d.block_64,2.99841748,ms,lower,primary,baseline/results/951758/convolution1D-cuda/run-5.log
convolution1D-cuda,5,mask_7.fp64.conv1d.block_128,2.700055176,ms,lower,primary,baseline/results/951758/convolution1D-cuda/run-5.log
convolution1D-cuda,5,mask_7.fp64.conv1d.block_256,2.702770508,ms,lower,primary,baseline/results/951758/convolution1D-cuda/run-5.log
convolution1D-cuda,5,mask_7.fp64.conv1d.block_512,2.711428223,ms,lower,primary,baseline/results/951758/convolution1D-cuda/run-5.log
convolution1D-cuda,5,mask_7.fp64.conv1d.block_1024,2.710875244,ms,lower,primary,baseline/results/951758/convolution1D-cuda/run-5.log
convolution1D-cuda,5,mask_7.fp64.conv1d-tiled.block_64,2.995381348,ms,lower,primary,baseline/results/951758/convolution1D-cuda/run-5.log
convolution1D-cuda,5,mask_7.fp64.conv1d-tiled.block_128,2.904705566,ms,lower,primary,baseline/results/951758/convolution1D-cuda/run-5.log
convolution1D-cuda,5,mask_7.fp64.conv1d-tiled.block_256,2.961957031,ms,lower,primary,baseline/results/951758/convolution1D-cuda/run-5.log
convolution1D-cuda,5,mask_7.fp64.conv1d-tiled.block_512,2.9976286620000003,ms,lower,primary,baseline/results/951758/convolution1D-cuda/run-5.log
convolution1D-cuda,5,mask_7.fp64.conv1d-tiled.block_1024,3.031922119,ms,lower,primary,baseline/results/951758/convolution1D-cuda/run-5.log
convolution1D-cuda,5,mask_7.fp64.conv1d-tiled-caching.block_64,3.018503174,ms,lower,primary,baseline/results/951758/convolution1D-cuda/run-5.log
convolution1D-cuda,5,mask_7.fp64.conv1d-tiled-caching.block_128,2.7696523440000003,ms,lower,primary,baseline/results/951758/convolution1D-cuda/run-5.log
convolution1D-cuda,5,mask_7.fp64.conv1d-tiled-caching.block_256,2.763278809,ms,lower,primary,baseline/results/951758/convolution1D-cuda/run-5.log
convolution1D-cuda,5,mask_7.fp64.conv1d-tiled-caching.block_512,2.77862207,ms,lower,primary,baseline/results/951758/convolution1D-cuda/run-5.log
convolution1D-cuda,5,mask_7.fp64.conv1d-tiled-caching.block_1024,2.804547363,ms,lower,primary,baseline/results/951758/convolution1D-cuda/run-5.log
convolution1D-cuda,5,mask_7.fp32.conv1d.block_64,2.9992866210000004,ms,lower,primary,baseline/results/951758/convolution1D-cuda/run-5.log
convolution1D-cuda,5,mask_7.fp32.conv1d.block_128,1.567463501,ms,lower,primary,baseline/results/951758/convolution1D-cuda/run-5.log
convolution1D-cuda,5,mask_7.fp32.conv1d.block_256,1.524102173,ms,lower,primary,baseline/results/951758/convolution1D-cuda/run-5.log
convolution1D-cuda,5,mask_7.fp32.conv1d.block_512,1.537060791,ms,lower,primary,baseline/results/951758/convolution1D-cuda/run-5.log
convolution1D-cuda,5,mask_7.fp32.conv1d.block_1024,1.580415771,ms,lower,primary,baseline/results/951758/convolution1D-cuda/run-5.log
convolution1D-cuda,5,mask_7.fp32.conv1d-tiled.block_64,2.974084717,ms,lower,primary,baseline/results/951758/convolution1D-cuda/run-5.log
convolution1D-cuda,5,mask_7.fp32.conv1d-tiled.block_128,1.898875244,ms,lower,primary,baseline/results/951758/convolution1D-cuda/run-5.log
convolution1D-cuda,5,mask_7.fp32.conv1d-tiled.block_256,1.8862883300000002,ms,lower,primary,baseline/results/951758/convolution1D-cuda/run-5.log
convolution1D-cuda,5,mask_7.fp32.conv1d-tiled.block_512,1.9065311280000001,ms,lower,primary,baseline/results/951758/convolution1D-cuda/run-5.log
convolution1D-cuda,5,mask_7.fp32.conv1d-tiled.block_1024,1.930282837,ms,lower,primary,baseline/results/951758/convolution1D-cuda/run-5.log
convolution1D-cuda,5,mask_7.fp32.conv1d-tiled-caching.block_64,2.979601318,ms,lower,primary,baseline/results/951758/convolution1D-cuda/run-5.log
convolution1D-cuda,5,mask_7.fp32.conv1d-tiled-caching.block_128,2.061784424,ms,lower,primary,baseline/results/951758/convolution1D-cuda/run-5.log
convolution1D-cuda,5,mask_7.fp32.conv1d-tiled-caching.block_256,1.9783179929999999,ms,lower,primary,baseline/results/951758/convolution1D-cuda/run-5.log
convolution1D-cuda,5,mask_7.fp32.conv1d-tiled-caching.block_512,2.009411133,ms,lower,primary,baseline/results/951758/convolution1D-cuda/run-5.log
convolution1D-cuda,5,mask_7.fp32.conv1d-tiled-caching.block_1024,2.1303483890000003,ms,lower,primary,baseline/results/951758/convolution1D-cuda/run-5.log
convolution1D-cuda,5,mask_7.int16.conv1d.block_64,3.001552002,ms,lower,primary,baseline/results/951758/convolution1D-cuda/run-5.log
convolution1D-cuda,5,mask_7.int16.conv1d.block_128,1.573625488,ms,lower,primary,baseline/results/951758/convolution1D-cuda/run-5.log
convolution1D-cuda,5,mask_7.int16.conv1d.block_256,1.530067261,ms,lower,primary,baseline/results/951758/convolution1D-cuda/run-5.log
convolution1D-cuda,5,mask_7.int16.conv1d.block_512,1.5225909420000001,ms,lower,primary,baseline/results/951758/convolution1D-cuda/run-5.log
convolution1D-cuda,5,mask_7.int16.conv1d.block_1024,1.6192989500000001,ms,lower,primary,baseline/results/951758/convolution1D-cuda/run-5.log
convolution1D-cuda,5,mask_7.int16.conv1d-tiled.block_64,2.967452637,ms,lower,primary,baseline/results/951758/convolution1D-cuda/run-5.log
convolution1D-cuda,5,mask_7.int16.conv1d-tiled.block_128,1.776736694,ms,lower,primary,baseline/results/951758/convolution1D-cuda/run-5.log
convolution1D-cuda,5,mask_7.int16.conv1d-tiled.block_256,1.7115289310000001,ms,lower,primary,baseline/results/951758/convolution1D-cuda/run-5.log
convolution1D-cuda,5,mask_7.int16.conv1d-tiled.block_512,1.684328735,ms,lower,primary,baseline/results/951758/convolution1D-cuda/run-5.log
convolution1D-cuda,5,mask_7.int16.conv1d-tiled.block_1024,1.708206177,ms,lower,primary,baseline/results/951758/convolution1D-cuda/run-5.log
convolution1D-cuda,5,mask_7.int16.conv1d-tiled-caching.block_64,2.966128662,ms,lower,primary,baseline/results/951758/convolution1D-cuda/run-5.log
convolution1D-cuda,5,mask_7.int16.conv1d-tiled-caching.block_128,1.9928599850000002,ms,lower,primary,baseline/results/951758/convolution1D-cuda/run-5.log
convolution1D-cuda,5,mask_7.int16.conv1d-tiled-caching.block_256,1.960437012,ms,lower,primary,baseline/results/951758/convolution1D-cuda/run-5.log
convolution1D-cuda,5,mask_7.int16.conv1d-tiled-caching.block_512,1.975876343,ms,lower,primary,baseline/results/951758/convolution1D-cuda/run-5.log
convolution1D-cuda,5,mask_7.int16.conv1d-tiled-caching.block_1024,2.107341797,ms,lower,primary,baseline/results/951758/convolution1D-cuda/run-5.log
convolution1D-cuda,5,mask_9.fp64.conv1d.block_64,3.0059042970000003,ms,lower,primary,baseline/results/951758/convolution1D-cuda/run-5.log
convolution1D-cuda,5,mask_9.fp64.conv1d.block_128,2.704408203,ms,lower,primary,baseline/results/951758/convolution1D-cuda/run-5.log
convolution1D-cuda,5,mask_9.fp64.conv1d.block_256,2.7060068360000002,ms,lower,primary,baseline/results/951758/convolution1D-cuda/run-5.log
convolution1D-cuda,5,mask_9.fp64.conv1d.block_512,2.717570801,ms,lower,primary,baseline/results/951758/convolution1D-cuda/run-5.log
convolution1D-cuda,5,mask_9.fp64.conv1d.block_1024,2.719760986,ms,lower,primary,baseline/results/951758/convolution1D-cuda/run-5.log
convolution1D-cuda,5,mask_9.fp64.conv1d-tiled.block_64,2.9959606930000002,ms,lower,primary,baseline/results/951758/convolution1D-cuda/run-5.log
convolution1D-cuda,5,mask_9.fp64.conv1d-tiled.block_128,2.9164409179999997,ms,lower,primary,baseline/results/951758/convolution1D-cuda/run-5.log
convolution1D-cuda,5,mask_9.fp64.conv1d-tiled.block_256,2.982030029,ms,lower,primary,baseline/results/951758/convolution1D-cuda/run-5.log
convolution1D-cuda,5,mask_9.fp64.conv1d-tiled.block_512,3.041278076,ms,lower,primary,baseline/results/951758/convolution1D-cuda/run-5.log
convolution1D-cuda,5,mask_9.fp64.conv1d-tiled.block_1024,3.0805837400000002,ms,lower,primary,baseline/results/951758/convolution1D-cuda/run-5.log
convolution1D-cuda,5,mask_9.fp64.conv1d-tiled-caching.block_64,3.0424489749999997,ms,lower,primary,baseline/results/951758/convolution1D-cuda/run-5.log
convolution1D-cuda,5,mask_9.fp64.conv1d-tiled-caching.block_128,2.8165310060000004,ms,lower,primary,baseline/results/951758/convolution1D-cuda/run-5.log
convolution1D-cuda,5,mask_9.fp64.conv1d-tiled-caching.block_256,2.807582031,ms,lower,primary,baseline/results/951758/convolution1D-cuda/run-5.log
convolution1D-cuda,5,mask_9.fp64.conv1d-tiled-caching.block_512,2.827439941,ms,lower,primary,baseline/results/951758/convolution1D-cuda/run-5.log
convolution1D-cuda,5,mask_9.fp64.conv1d-tiled-caching.block_1024,2.864432129,ms,lower,primary,baseline/results/951758/convolution1D-cuda/run-5.log
convolution1D-cuda,5,mask_9.fp32.conv1d.block_64,3.003248047,ms,lower,primary,baseline/results/951758/convolution1D-cuda/run-5.log
convolution1D-cuda,5,mask_9.fp32.conv1d.block_128,1.5814738769999999,ms,lower,primary,baseline/results/951758/convolution1D-cuda/run-5.log
convolution1D-cuda,5,mask_9.fp32.conv1d.block_256,1.5477186280000002,ms,lower,primary,baseline/results/951758/convolution1D-cuda/run-5.log
convolution1D-cuda,5,mask_9.fp32.conv1d.block_512,1.57836853,ms,lower,primary,baseline/results/951758/convolution1D-cuda/run-5.log
convolution1D-cuda,5,mask_9.fp32.conv1d.block_1024,1.6257128909999998,ms,lower,primary,baseline/results/951758/convolution1D-cuda/run-5.log
convolution1D-cuda,5,mask_9.fp32.conv1d-tiled.block_64,2.973216797,ms,lower,primary,baseline/results/951758/convolution1D-cuda/run-5.log
convolution1D-cuda,5,mask_9.fp32.conv1d-tiled.block_128,1.8444597169999999,ms,lower,primary,baseline/results/951758/convolution1D-cuda/run-5.log
convolution1D-cuda,5,mask_9.fp32.conv1d-tiled.block_256,1.809923462,ms,lower,primary,baseline/results/951758/convolution1D-cuda/run-5.log
convolution1D-cuda,5,mask_9.fp32.conv1d-tiled.block_512,1.824860229,ms,lower,primary,baseline/results/951758/convolution1D-cuda/run-5.log
convolution1D-cuda,5,mask_9.fp32.conv1d-tiled.block_1024,1.911742554,ms,lower,primary,baseline/results/951758/convolution1D-cuda/run-5.log
convolution1D-cuda,5,mask_9.fp32.conv1d-tiled-caching.block_64,2.974254395,ms,lower,primary,baseline/results/951758/convolution1D-cuda/run-5.log
convolution1D-cuda,5,mask_9.fp32.conv1d-tiled-caching.block_128,2.20444165,ms,lower,primary,baseline/results/951758/convolution1D-cuda/run-5.log
convolution1D-cuda,5,mask_9.fp32.conv1d-tiled-caching.block_256,2.1246484380000004,ms,lower,primary,baseline/results/951758/convolution1D-cuda/run-5.log
convolution1D-cuda,5,mask_9.fp32.conv1d-tiled-caching.block_512,2.1638195799999997,ms,lower,primary,baseline/results/951758/convolution1D-cuda/run-5.log
convolution1D-cuda,5,mask_9.fp32.conv1d-tiled-caching.block_1024,2.281435059,ms,lower,primary,baseline/results/951758/convolution1D-cuda/run-5.log
convolution1D-cuda,5,mask_9.int16.conv1d.block_64,3.010482422,ms,lower,primary,baseline/results/951758/convolution1D-cuda/run-5.log
convolution1D-cuda,5,mask_9.int16.conv1d.block_128,1.726753052,ms,lower,primary,baseline/results/951758/convolution1D-cuda/run-5.log
convolution1D-cuda,5,mask_9.int16.conv1d.block_256,1.689411011,ms,lower,primary,baseline/results/951758/convolution1D-cuda/run-5.log
convolution1D-cuda,5,mask_9.int16.conv1d.block_512,1.668759399,ms,lower,primary,baseline/results/951758/convolution1D-cuda/run-5.log
convolution1D-cuda,5,mask_9.int16.conv1d.block_1024,1.833543945,ms,lower,primary,baseline/results/951758/convolution1D-cuda/run-5.log
convolution1D-cuda,5,mask_9.int16.conv1d-tiled.block_64,2.968386719,ms,lower,primary,baseline/results/951758/convolution1D-cuda/run-5.log
convolution1D-cuda,5,mask_9.int16.conv1d-tiled.block_128,1.7369790040000002,ms,lower,primary,baseline/results/951758/convolution1D-cuda/run-5.log
convolution1D-cuda,5,mask_9.int16.conv1d-tiled.block_256,1.672136841,ms,lower,primary,baseline/results/951758/convolution1D-cuda/run-5.log
convolution1D-cuda,5,mask_9.int16.conv1d-tiled.block_512,1.657725464,ms,lower,primary,baseline/results/951758/convolution1D-cuda/run-5.log
convolution1D-cuda,5,mask_9.int16.conv1d-tiled.block_1024,1.674787842,ms,lower,primary,baseline/results/951758/convolution1D-cuda/run-5.log
convolution1D-cuda,5,mask_9.int16.conv1d-tiled-caching.block_64,2.9657248540000003,ms,lower,primary,baseline/results/951758/convolution1D-cuda/run-5.log
convolution1D-cuda,5,mask_9.int16.conv1d-tiled-caching.block_128,2.2154265140000002,ms,lower,primary,baseline/results/951758/convolution1D-cuda/run-5.log
convolution1D-cuda,5,mask_9.int16.conv1d-tiled-caching.block_256,2.168393066,ms,lower,primary,baseline/results/951758/convolution1D-cuda/run-5.log
convolution1D-cuda,5,mask_9.int16.conv1d-tiled-caching.block_512,2.1787810060000004,ms,lower,primary,baseline/results/951758/convolution1D-cuda/run-5.log
convolution1D-cuda,5,mask_9.int16.conv1d-tiled-caching.block_1024,2.218687744,ms,lower,primary,baseline/results/951758/convolution1D-cuda/run-5.log
convolution3D-cuda,1,c6_w14_h14.conv3d_s1,0.01763339,ms,lower,primary,baseline/results/951758/convolution3D-cuda/run-1.log
convolution3D-cuda,1,c6_w14_h14.conv3d_s2,0.019240971,ms,lower,primary,baseline/results/951758/convolution3D-cuda/run-1.log
convolution3D-cuda,1,c6_w14_h14.conv3d_s3,0.017584711,ms,lower,primary,baseline/results/951758/convolution3D-cuda/run-1.log
convolution3D-cuda,1,c96_w26_h26.conv3d_s1,13.554579102,ms,lower,primary,baseline/results/951758/convolution3D-cuda/run-1.log
convolution3D-cuda,1,c96_w26_h26.conv3d_s2,13.119070312,ms,lower,primary,baseline/results/951758/convolution3D-cuda/run-1.log
convolution3D-cuda,1,c96_w26_h26.conv3d_s3,14.0959375,ms,lower,primary,baseline/results/951758/convolution3D-cuda/run-1.log
convolution3D-cuda,2,c6_w14_h14.conv3d_s1,0.01755377,ms,lower,primary,baseline/results/951758/convolution3D-cuda/run-2.log
convolution3D-cuda,2,c6_w14_h14.conv3d_s2,0.01914517,ms,lower,primary,baseline/results/951758/convolution3D-cuda/run-2.log
convolution3D-cuda,2,c6_w14_h14.conv3d_s3,0.017533691,ms,lower,primary,baseline/results/951758/convolution3D-cuda/run-2.log
convolution3D-cuda,2,c96_w26_h26.conv3d_s1,13.56846582,ms,lower,primary,baseline/results/951758/convolution3D-cuda/run-2.log
convolution3D-cuda,2,c96_w26_h26.conv3d_s2,13.148456055,ms,lower,primary,baseline/results/951758/convolution3D-cuda/run-2.log
convolution3D-cuda,2,c96_w26_h26.conv3d_s3,14.096987305,ms,lower,primary,baseline/results/951758/convolution3D-cuda/run-2.log
convolution3D-cuda,3,c6_w14_h14.conv3d_s1,0.01765871,ms,lower,primary,baseline/results/951758/convolution3D-cuda/run-3.log
convolution3D-cuda,3,c6_w14_h14.conv3d_s2,0.01924332,ms,lower,primary,baseline/results/951758/convolution3D-cuda/run-3.log
convolution3D-cuda,3,c6_w14_h14.conv3d_s3,0.017586601000000004,ms,lower,primary,baseline/results/951758/convolution3D-cuda/run-3.log
convolution3D-cuda,3,c96_w26_h26.conv3d_s1,13.612517578,ms,lower,primary,baseline/results/951758/convolution3D-cuda/run-3.log
convolution3D-cuda,3,c96_w26_h26.conv3d_s2,13.112168945,ms,lower,primary,baseline/results/951758/convolution3D-cuda/run-3.log
convolution3D-cuda,3,c96_w26_h26.conv3d_s3,14.093655273000001,ms,lower,primary,baseline/results/951758/convolution3D-cuda/run-3.log
convolution3D-cuda,4,c6_w14_h14.conv3d_s1,0.017656391,ms,lower,primary,baseline/results/951758/convolution3D-cuda/run-4.log
convolution3D-cuda,4,c6_w14_h14.conv3d_s2,0.01923035,ms,lower,primary,baseline/results/951758/convolution3D-cuda/run-4.log
convolution3D-cuda,4,c6_w14_h14.conv3d_s3,0.01760289,ms,lower,primary,baseline/results/951758/convolution3D-cuda/run-4.log
convolution3D-cuda,4,c96_w26_h26.conv3d_s1,13.646383789,ms,lower,primary,baseline/results/951758/convolution3D-cuda/run-4.log
convolution3D-cuda,4,c96_w26_h26.conv3d_s2,13.141624023,ms,lower,primary,baseline/results/951758/convolution3D-cuda/run-4.log
convolution3D-cuda,4,c96_w26_h26.conv3d_s3,14.104088867000002,ms,lower,primary,baseline/results/951758/convolution3D-cuda/run-4.log
convolution3D-cuda,5,c6_w14_h14.conv3d_s1,0.017581291,ms,lower,primary,baseline/results/951758/convolution3D-cuda/run-5.log
convolution3D-cuda,5,c6_w14_h14.conv3d_s2,0.019214071,ms,lower,primary,baseline/results/951758/convolution3D-cuda/run-5.log
convolution3D-cuda,5,c6_w14_h14.conv3d_s3,0.017562311,ms,lower,primary,baseline/results/951758/convolution3D-cuda/run-5.log
convolution3D-cuda,5,c96_w26_h26.conv3d_s1,13.682436523,ms,lower,primary,baseline/results/951758/convolution3D-cuda/run-5.log
convolution3D-cuda,5,c96_w26_h26.conv3d_s2,13.132813477,ms,lower,primary,baseline/results/951758/convolution3D-cuda/run-5.log
convolution3D-cuda,5,c96_w26_h26.conv3d_s3,14.095236328,ms,lower,primary,baseline/results/951758/convolution3D-cuda/run-5.log
convolutionSeparable-cuda,1,average_kernel_execution_time,1.526,ms,lower,primary,baseline/results/951758/convolutionSeparable-cuda/run-1.log
convolutionSeparable-cuda,2,average_kernel_execution_time,1.526,ms,lower,primary,baseline/results/951758/convolutionSeparable-cuda/run-2.log
convolutionSeparable-cuda,3,average_kernel_execution_time,1.526,ms,lower,primary,baseline/results/951758/convolutionSeparable-cuda/run-3.log
convolutionSeparable-cuda,4,average_kernel_execution_time,1.526,ms,lower,primary,baseline/results/951758/convolutionSeparable-cuda/run-4.log
convolutionSeparable-cuda,5,average_kernel_execution_time,1.526,ms,lower,primary,baseline/results/951758/convolutionSeparable-cuda/run-5.log
fdtd3d-cuda,1,average_kernel_execution_time,0.19,ms,lower,primary,baseline/results/951758/fdtd3d-cuda/run-1.log
fdtd3d-cuda,2,average_kernel_execution_time,0.191,ms,lower,primary,baseline/results/951758/fdtd3d-cuda/run-2.log
fdtd3d-cuda,3,average_kernel_execution_time,0.191,ms,lower,primary,baseline/results/951758/fdtd3d-cuda/run-3.log
fdtd3d-cuda,4,average_kernel_execution_time,0.19,ms,lower,primary,baseline/results/951758/fdtd3d-cuda/run-4.log
fdtd3d-cuda,5,average_kernel_execution_time,0.191,ms,lower,primary,baseline/results/951758/fdtd3d-cuda/run-5.log
filter-cuda,1,filter.shared_memory,0.957976,ms,lower,primary,baseline/results/951758/filter-cuda/run-1.log
filter-cuda,1,filter.global_aggregate,2.462619,ms,lower,primary,baseline/results/951758/filter-cuda/run-1.log
filter-cuda,2,filter.shared_memory,1.016319,ms,lower,primary,baseline/results/951758/filter-cuda/run-2.log
filter-cuda,2,filter.global_aggregate,2.516291,ms,lower,primary,baseline/results/951758/filter-cuda/run-2.log
filter-cuda,3,filter.shared_memory,0.958458,ms,lower,primary,baseline/results/951758/filter-cuda/run-3.log
filter-cuda,3,filter.global_aggregate,2.462612,ms,lower,primary,baseline/results/951758/filter-cuda/run-3.log
filter-cuda,4,filter.shared_memory,0.957769,ms,lower,primary,baseline/results/951758/filter-cuda/run-4.log
filter-cuda,4,filter.global_aggregate,2.760911,ms,lower,primary,baseline/results/951758/filter-cuda/run-4.log
filter-cuda,5,filter.shared_memory,0.958514,ms,lower,primary,baseline/results/951758/filter-cuda/run-5.log
filter-cuda,5,filter.global_aggregate,2.462611,ms,lower,primary,baseline/results/951758/filter-cuda/run-5.log
floydwarshall-cuda,1,average_kernel_execution_time,8.506,ms,lower,primary,baseline/results/951758/floydwarshall-cuda/run-1.log
floydwarshall-cuda,2,average_kernel_execution_time,8.484,ms,lower,primary,baseline/results/951758/floydwarshall-cuda/run-2.log
floydwarshall-cuda,3,average_kernel_execution_time,8.564,ms,lower,primary,baseline/results/951758/floydwarshall-cuda/run-3.log
floydwarshall-cuda,4,average_kernel_execution_time,8.507000000000001,ms,lower,primary,baseline/results/951758/floydwarshall-cuda/run-4.log
floydwarshall-cuda,5,average_kernel_execution_time,8.513,ms,lower,primary,baseline/results/951758/floydwarshall-cuda/run-5.log
gaussian-cuda,1,total_kernel_execution_time,490.762,ms,lower,primary,baseline/results/951758/gaussian-cuda/run-1.log
gaussian-cuda,1,device_offloading_time,756.357,ms,lower,secondary,baseline/results/951758/gaussian-cuda/run-1.log
gaussian-cuda,2,total_kernel_execution_time,499.107,ms,lower,primary,baseline/results/951758/gaussian-cuda/run-2.log
gaussian-cuda,2,device_offloading_time,763.813,ms,lower,secondary,baseline/results/951758/gaussian-cuda/run-2.log
gaussian-cuda,3,total_kernel_execution_time,490.64,ms,lower,primary,baseline/results/951758/gaussian-cuda/run-3.log
gaussian-cuda,3,device_offloading_time,734.958,ms,lower,secondary,baseline/results/951758/gaussian-cuda/run-3.log
gaussian-cuda,4,total_kernel_execution_time,496.697,ms,lower,primary,baseline/results/951758/gaussian-cuda/run-4.log
gaussian-cuda,4,device_offloading_time,741.9110000000001,ms,lower,secondary,baseline/results/951758/gaussian-cuda/run-4.log
gaussian-cuda,5,total_kernel_execution_time,490.962,ms,lower,primary,baseline/results/951758/gaussian-cuda/run-5.log
gaussian-cuda,5,device_offloading_time,778.615,ms,lower,secondary,baseline/results/951758/gaussian-cuda/run-5.log
heat-cuda,1,solve_time,340.909,ms,lower,primary,baseline/results/951758/heat-cuda/run-1.log
heat-cuda,1,total_time,1007.1600000000001,ms,lower,secondary,baseline/results/951758/heat-cuda/run-1.log
heat-cuda,1,bandwidth,787.412,GB/s,higher,secondary,baseline/results/951758/heat-cuda/run-1.log
heat-cuda,2,solve_time,340.87600000000003,ms,lower,primary,baseline/results/951758/heat-cuda/run-2.log
heat-cuda,2,total_time,1033.4399999999998,ms,lower,secondary,baseline/results/951758/heat-cuda/run-2.log
heat-cuda,2,bandwidth,787.487,GB/s,higher,secondary,baseline/results/951758/heat-cuda/run-2.log
heat-cuda,3,solve_time,340.84999999999997,ms,lower,primary,baseline/results/951758/heat-cuda/run-3.log
heat-cuda,3,total_time,985.856,ms,lower,secondary,baseline/results/951758/heat-cuda/run-3.log
heat-cuda,3,bandwidth,787.547,GB/s,higher,secondary,baseline/results/951758/heat-cuda/run-3.log
heat-cuda,4,solve_time,340.807,ms,lower,primary,baseline/results/951758/heat-cuda/run-4.log
heat-cuda,4,total_time,987.75,ms,lower,secondary,baseline/results/951758/heat-cuda/run-4.log
heat-cuda,4,bandwidth,787.647,GB/s,higher,secondary,baseline/results/951758/heat-cuda/run-4.log
heat-cuda,5,solve_time,340.839,ms,lower,primary,baseline/results/951758/heat-cuda/run-5.log
heat-cuda,5,total_time,1021.2000000000002,ms,lower,secondary,baseline/results/951758/heat-cuda/run-5.log
heat-cuda,5,bandwidth,787.572,GB/s,higher,secondary,baseline/results/951758/heat-cuda/run-5.log
histogram-cuda,1,1_channel_uchar1.shared_memory_atomics,0.035908999999999996,ms,lower,primary,baseline/results/951758/histogram-cuda/run-1.log
histogram-cuda,1,1_channel_uchar1.global_memory_atomics,0.07102800000000001,ms,lower,primary,baseline/results/951758/histogram-cuda/run-1.log
histogram-cuda,1,3/4_channel_uchar4.shared_memory_atomics,0.065776,ms,lower,primary,baseline/results/951758/histogram-cuda/run-1.log
histogram-cuda,1,3/4_channel_uchar4.global_memory_atomics,0.18610200000000002,ms,lower,primary,baseline/results/951758/histogram-cuda/run-1.log
histogram-cuda,1,3/4_channel_float4.shared_memory_atomics,0.08267300000000001,ms,lower,primary,baseline/results/951758/histogram-cuda/run-1.log
histogram-cuda,1,3/4_channel_float4.global_memory_atomics,0.18982200000000002,ms,lower,primary,baseline/results/951758/histogram-cuda/run-1.log
histogram-cuda,2,1_channel_uchar1.shared_memory_atomics,0.035929,ms,lower,primary,baseline/results/951758/histogram-cuda/run-2.log
histogram-cuda,2,1_channel_uchar1.global_memory_atomics,0.071316,ms,lower,primary,baseline/results/951758/histogram-cuda/run-2.log
histogram-cuda,2,3/4_channel_uchar4.shared_memory_atomics,0.065652,ms,lower,primary,baseline/results/951758/histogram-cuda/run-2.log
histogram-cuda,2,3/4_channel_uchar4.global_memory_atomics,0.186011,ms,lower,primary,baseline/results/951758/histogram-cuda/run-2.log
histogram-cuda,2,3/4_channel_float4.shared_memory_atomics,0.08271200000000001,ms,lower,primary,baseline/results/951758/histogram-cuda/run-2.log
histogram-cuda,2,3/4_channel_float4.global_memory_atomics,0.189893,ms,lower,primary,baseline/results/951758/histogram-cuda/run-2.log
histogram-cuda,3,1_channel_uchar1.shared_memory_atomics,0.036475,ms,lower,primary,baseline/results/951758/histogram-cuda/run-3.log
histogram-cuda,3,1_channel_uchar1.global_memory_atomics,0.071298,ms,lower,primary,baseline/results/951758/histogram-cuda/run-3.log
histogram-cuda,3,3/4_channel_uchar4.shared_memory_atomics,0.065729,ms,lower,primary,baseline/results/951758/histogram-cuda/run-3.log
histogram-cuda,3,3/4_channel_uchar4.global_memory_atomics,0.186004,ms,lower,primary,baseline/results/951758/histogram-cuda/run-3.log
histogram-cuda,3,3/4_channel_float4.shared_memory_atomics,0.082471,ms,lower,primary,baseline/results/951758/histogram-cuda/run-3.log
histogram-cuda,3,3/4_channel_float4.global_memory_atomics,0.19009,ms,lower,primary,baseline/results/951758/histogram-cuda/run-3.log
histogram-cuda,4,1_channel_uchar1.shared_memory_atomics,0.035491,ms,lower,primary,baseline/results/951758/histogram-cuda/run-4.log
histogram-cuda,4,1_channel_uchar1.global_memory_atomics,0.07143600000000001,ms,lower,primary,baseline/results/951758/histogram-cuda/run-4.log
histogram-cuda,4,3/4_channel_uchar4.shared_memory_atomics,0.065861,ms,lower,primary,baseline/results/951758/histogram-cuda/run-4.log
histogram-cuda,4,3/4_channel_uchar4.global_memory_atomics,0.186379,ms,lower,primary,baseline/results/951758/histogram-cuda/run-4.log
histogram-cuda,4,3/4_channel_float4.shared_memory_atomics,0.082407,ms,lower,primary,baseline/results/951758/histogram-cuda/run-4.log
histogram-cuda,4,3/4_channel_float4.global_memory_atomics,0.189892,ms,lower,primary,baseline/results/951758/histogram-cuda/run-4.log
histogram-cuda,5,1_channel_uchar1.shared_memory_atomics,0.035972000000000004,ms,lower,primary,baseline/results/951758/histogram-cuda/run-5.log
histogram-cuda,5,1_channel_uchar1.global_memory_atomics,0.071309,ms,lower,primary,baseline/results/951758/histogram-cuda/run-5.log
histogram-cuda,5,3/4_channel_uchar4.shared_memory_atomics,0.069967,ms,lower,primary,baseline/results/951758/histogram-cuda/run-5.log
histogram-cuda,5,3/4_channel_uchar4.global_memory_atomics,0.219605,ms,lower,primary,baseline/results/951758/histogram-cuda/run-5.log
histogram-cuda,5,3/4_channel_float4.shared_memory_atomics,0.08841,ms,lower,primary,baseline/results/951758/histogram-cuda/run-5.log
histogram-cuda,5,3/4_channel_float4.global_memory_atomics,0.22306700000000002,ms,lower,primary,baseline/results/951758/histogram-cuda/run-5.log
hotspot-cuda,1,total_kernel_execution_time,1.178,ms,lower,primary,baseline/results/951758/hotspot-cuda/run-1.log
hotspot-cuda,1,device_offloading_time,188.0,ms,lower,secondary,baseline/results/951758/hotspot-cuda/run-1.log
hotspot-cuda,2,total_kernel_execution_time,1.1789999999999998,ms,lower,primary,baseline/results/951758/hotspot-cuda/run-2.log
hotspot-cuda,2,device_offloading_time,188.0,ms,lower,secondary,baseline/results/951758/hotspot-cuda/run-2.log
hotspot-cuda,3,total_kernel_execution_time,1.202,ms,lower,primary,baseline/results/951758/hotspot-cuda/run-3.log
hotspot-cuda,3,device_offloading_time,223.0,ms,lower,secondary,baseline/results/951758/hotspot-cuda/run-3.log
hotspot-cuda,4,total_kernel_execution_time,1.183,ms,lower,primary,baseline/results/951758/hotspot-cuda/run-4.log
hotspot-cuda,4,device_offloading_time,184.0,ms,lower,secondary,baseline/results/951758/hotspot-cuda/run-4.log
hotspot-cuda,5,total_kernel_execution_time,1.185,ms,lower,primary,baseline/results/951758/hotspot-cuda/run-5.log
hotspot-cuda,5,device_offloading_time,166.0,ms,lower,secondary,baseline/results/951758/hotspot-cuda/run-5.log
hotspot3D-cuda,1,average_kernel_execution_time,0.042772091000000005,ms,lower,primary,baseline/results/951758/hotspot3D-cuda/run-1.log
hotspot3D-cuda,1,device_offloading_time,410.0,ms,lower,secondary,baseline/results/951758/hotspot3D-cuda/run-1.log
hotspot3D-cuda,2,average_kernel_execution_time,0.042839943,ms,lower,primary,baseline/results/951758/hotspot3D-cuda/run-2.log
hotspot3D-cuda,2,device_offloading_time,388.0,ms,lower,secondary,baseline/results/951758/hotspot3D-cuda/run-2.log
hotspot3D-cuda,3,average_kernel_execution_time,0.042849087,ms,lower,primary,baseline/results/951758/hotspot3D-cuda/run-3.log
hotspot3D-cuda,3,device_offloading_time,390.0,ms,lower,secondary,baseline/results/951758/hotspot3D-cuda/run-3.log
hotspot3D-cuda,4,average_kernel_execution_time,0.042850456,ms,lower,primary,baseline/results/951758/hotspot3D-cuda/run-4.log
hotspot3D-cuda,4,device_offloading_time,400.0,ms,lower,secondary,baseline/results/951758/hotspot3D-cuda/run-4.log
hotspot3D-cuda,5,average_kernel_execution_time,0.042877541000000005,ms,lower,primary,baseline/results/951758/hotspot3D-cuda/run-5.log
hotspot3D-cuda,5,device_offloading_time,393.0,ms,lower,secondary,baseline/results/951758/hotspot3D-cuda/run-5.log
jaccard-cuda,1,weighted_jaccard_pipeline,6.677169999999999,ms,lower,primary,baseline/results/951758/jaccard-cuda/run-1.log
jaccard-cuda,1,unweighted_jaccard_pipeline,5.61632,ms,lower,primary,baseline/results/951758/jaccard-cuda/run-1.log
jaccard-cuda,2,weighted_jaccard_pipeline,6.6769300000000005,ms,lower,primary,baseline/results/951758/jaccard-cuda/run-2.log
jaccard-cuda,2,unweighted_jaccard_pipeline,5.61636,ms,lower,primary,baseline/results/951758/jaccard-cuda/run-2.log
jaccard-cuda,3,weighted_jaccard_pipeline,6.67691,ms,lower,primary,baseline/results/951758/jaccard-cuda/run-3.log
jaccard-cuda,3,unweighted_jaccard_pipeline,5.615270000000001,ms,lower,primary,baseline/results/951758/jaccard-cuda/run-3.log
jaccard-cuda,4,weighted_jaccard_pipeline,6.67432,ms,lower,primary,baseline/results/951758/jaccard-cuda/run-4.log
jaccard-cuda,4,unweighted_jaccard_pipeline,5.61363,ms,lower,primary,baseline/results/951758/jaccard-cuda/run-4.log
jaccard-cuda,5,weighted_jaccard_pipeline,6.67519,ms,lower,primary,baseline/results/951758/jaccard-cuda/run-5.log
jaccard-cuda,5,unweighted_jaccard_pipeline,5.61525,ms,lower,primary,baseline/results/951758/jaccard-cuda/run-5.log
jacobi-cuda,1,average_execution_time_per_iteration,0.07402049999999999,ms,lower,primary,baseline/results/951758/jacobi-cuda/run-1.log
jacobi-cuda,1,total_elapsed_time,618.7,ms,lower,secondary,baseline/results/951758/jacobi-cuda/run-1.log
jacobi-cuda,2,average_execution_time_per_iteration,0.0735441,ms,lower,primary,baseline/results/951758/jacobi-cuda/run-2.log
jacobi-cuda,2,total_elapsed_time,637.0,ms,lower,secondary,baseline/results/951758/jacobi-cuda/run-2.log
jacobi-cuda,3,average_execution_time_per_iteration,0.0739486,ms,lower,primary,baseline/results/951758/jacobi-cuda/run-3.log
jacobi-cuda,3,total_elapsed_time,630.3,ms,lower,secondary,baseline/results/951758/jacobi-cuda/run-3.log
jacobi-cuda,4,average_execution_time_per_iteration,0.0738951,ms,lower,primary,baseline/results/951758/jacobi-cuda/run-4.log
jacobi-cuda,4,total_elapsed_time,689.5,ms,lower,secondary,baseline/results/951758/jacobi-cuda/run-4.log
jacobi-cuda,5,average_execution_time_per_iteration,0.0738011,ms,lower,primary,baseline/results/951758/jacobi-cuda/run-5.log
jacobi-cuda,5,total_elapsed_time,642.7,ms,lower,secondary,baseline/results/951758/jacobi-cuda/run-5.log
laplace3d-cuda,1,grid_128x128x128.kernel_time,0.114,ms,lower,primary,baseline/results/951758/laplace3d-cuda/run-1.log
laplace3d-cuda,1,grid_512x512x512.kernel_time,2.154,ms,lower,primary,baseline/results/951758/laplace3d-cuda/run-1.log
laplace3d-cuda,2,grid_128x128x128.kernel_time,0.114,ms,lower,primary,baseline/results/951758/laplace3d-cuda/run-2.log
laplace3d-cuda,2,grid_512x512x512.kernel_time,2.155,ms,lower,primary,baseline/results/951758/laplace3d-cuda/run-2.log
laplace3d-cuda,3,grid_128x128x128.kernel_time,0.114,ms,lower,primary,baseline/results/951758/laplace3d-cuda/run-3.log
laplace3d-cuda,3,grid_512x512x512.kernel_time,2.1679999999999997,ms,lower,primary,baseline/results/951758/laplace3d-cuda/run-3.log
laplace3d-cuda,4,grid_128x128x128.kernel_time,0.114,ms,lower,primary,baseline/results/951758/laplace3d-cuda/run-4.log
laplace3d-cuda,4,grid_512x512x512.kernel_time,2.1670000000000003,ms,lower,primary,baseline/results/951758/laplace3d-cuda/run-4.log
laplace3d-cuda,5,grid_128x128x128.kernel_time,0.114,ms,lower,primary,baseline/results/951758/laplace3d-cuda/run-5.log
laplace3d-cuda,5,grid_512x512x512.kernel_time,2.16,ms,lower,primary,baseline/results/951758/laplace3d-cuda/run-5.log
lavaMD-cuda,1,device_offloading_time,205.157995224,ms,lower,secondary,baseline/results/951758/lavaMD-cuda/run-1.log
lavaMD-cuda,1,kernel_execution_time,29.126999899999998,ms,lower,primary,baseline/results/951758/lavaMD-cuda/run-1.log
lavaMD-cuda,2,device_offloading_time,211.14100515799998,ms,lower,secondary,baseline/results/951758/lavaMD-cuda/run-2.log
lavaMD-cuda,2,kernel_execution_time,29.108000919,ms,lower,primary,baseline/results/951758/lavaMD-cuda/run-2.log
lavaMD-cuda,3,device_offloading_time,205.74800670099998,ms,lower,secondary,baseline/results/951758/lavaMD-cuda/run-3.log
lavaMD-cuda,3,kernel_execution_time,29.116999357999997,ms,lower,primary,baseline/results/951758/lavaMD-cuda/run-3.log
lavaMD-cuda,4,device_offloading_time,219.943001866,ms,lower,secondary,baseline/results/951758/lavaMD-cuda/run-4.log
lavaMD-cuda,4,kernel_execution_time,29.118999839,ms,lower,primary,baseline/results/951758/lavaMD-cuda/run-4.log
lavaMD-cuda,5,device_offloading_time,214.787006378,ms,lower,secondary,baseline/results/951758/lavaMD-cuda/run-5.log
lavaMD-cuda,5,kernel_execution_time,29.107000679,ms,lower,primary,baseline/results/951758/lavaMD-cuda/run-5.log
miniWeather-cuda,1,main_time_step_loop,1199.115,ms,lower,primary,baseline/results/951758/miniWeather-cuda/run-1.log
miniWeather-cuda,2,main_time_step_loop,1208.191,ms,lower,primary,baseline/results/951758/miniWeather-cuda/run-2.log
miniWeather-cuda,3,main_time_step_loop,1205.77,ms,lower,primary,baseline/results/951758/miniWeather-cuda/run-3.log
miniWeather-cuda,4,main_time_step_loop,1202.3539999999998,ms,lower,primary,baseline/results/951758/miniWeather-cuda/run-4.log
miniWeather-cuda,5,main_time_step_loop,1199.927,ms,lower,primary,baseline/results/951758/miniWeather-cuda/run-5.log
nbody-cuda,1,total_time,23.4993,ms,lower,primary,baseline/results/951758/nbody-cuda/run-1.log
nbody-cuda,1,average_performance,2309.06,GFLOP/s,higher,secondary,baseline/results/951758/nbody-cuda/run-1.log
nbody-cuda,2,total_time,23.492900000000002,ms,lower,primary,baseline/results/951758/nbody-cuda/run-2.log
nbody-cuda,2,average_performance,2310.09,GFLOP/s,higher,secondary,baseline/results/951758/nbody-cuda/run-2.log
nbody-cuda,3,total_time,27.705199999999998,ms,lower,primary,baseline/results/951758/nbody-cuda/run-3.log
nbody-cuda,3,average_performance,1956.37,GFLOP/s,higher,secondary,baseline/results/951758/nbody-cuda/run-3.log
nbody-cuda,4,total_time,27.7093,ms,lower,primary,baseline/results/951758/nbody-cuda/run-4.log
nbody-cuda,4,average_performance,1956.58,GFLOP/s,higher,secondary,baseline/results/951758/nbody-cuda/run-4.log
nbody-cuda,5,total_time,27.880200000000002,ms,lower,primary,baseline/results/951758/nbody-cuda/run-5.log
nbody-cuda,5,average_performance,1956.83,GFLOP/s,higher,secondary,baseline/results/951758/nbody-cuda/run-5.log
nw-cuda,1,total_kernel_execution_time,21.964000000000002,ms,lower,primary,baseline/results/951758/nw-cuda/run-1.log
nw-cuda,2,total_kernel_execution_time,22.014,ms,lower,primary,baseline/results/951758/nw-cuda/run-2.log
nw-cuda,3,total_kernel_execution_time,21.928,ms,lower,primary,baseline/results/951758/nw-cuda/run-3.log
nw-cuda,4,total_kernel_execution_time,22.032,ms,lower,primary,baseline/results/951758/nw-cuda/run-4.log
nw-cuda,5,total_kernel_execution_time,21.998,ms,lower,primary,baseline/results/951758/nw-cuda/run-5.log
scan-cuda,1,block_128.bytes_1.with_conflicts,3.0920883789999998,ms,lower,primary,baseline/results/951758/scan-cuda/run-1.log
scan-cuda,1,block_128.bytes_1.without_conflicts,3.5217529300000003,ms,lower,primary,baseline/results/951758/scan-cuda/run-1.log
scan-cuda,1,block_128.bytes_2.with_conflicts,3.648379883,ms,lower,primary,baseline/results/951758/scan-cuda/run-1.log
scan-cuda,1,block_128.bytes_2.without_conflicts,3.708759766,ms,lower,primary,baseline/results/951758/scan-cuda/run-1.log
scan-cuda,1,block_128.bytes_4.with_conflicts,4.891031738,ms,lower,primary,baseline/results/951758/scan-cuda/run-1.log
scan-cuda,1,block_128.bytes_4.without_conflicts,3.5192124020000004,ms,lower,primary,baseline/results/951758/scan-cuda/run-1.log
scan-cuda,1,block_128.bytes_8.with_conflicts,8.372326172,ms,lower,primary,baseline/results/951758/scan-cuda/run-1.log
scan-cuda,1,block_128.bytes_8.without_conflicts,6.132887695000001,ms,lower,primary,baseline/results/951758/scan-cuda/run-1.log
scan-cuda,1,block_256.bytes_1.with_conflicts,3.197912109,ms,lower,primary,baseline/results/951758/scan-cuda/run-1.log
scan-cuda,1,block_256.bytes_1.without_conflicts,3.3636384280000002,ms,lower,primary,baseline/results/951758/scan-cuda/run-1.log
scan-cuda,1,block_256.bytes_2.with_conflicts,3.7710205080000003,ms,lower,primary,baseline/results/951758/scan-cuda/run-1.log
scan-cuda,1,block_256.bytes_2.without_conflicts,3.535326904,ms,lower,primary,baseline/results/951758/scan-cuda/run-1.log
scan-cuda,1,block_256.bytes_4.with_conflicts,5.298624512000001,ms,lower,primary,baseline/results/951758/scan-cuda/run-1.log
scan-cuda,1,block_256.bytes_4.without_conflicts,3.253243652,ms,lower,primary,baseline/results/951758/scan-cuda/run-1.log
scan-cuda,1,block_256.bytes_8.with_conflicts,8.354324219,ms,lower,primary,baseline/results/951758/scan-cuda/run-1.log
scan-cuda,1,block_256.bytes_8.without_conflicts,8.022582031,ms,lower,primary,baseline/results/951758/scan-cuda/run-1.log
scan-cuda,1,block_512.bytes_1.with_conflicts,3.36071875,ms,lower,primary,baseline/results/951758/scan-cuda/run-1.log
scan-cuda,1,block_512.bytes_1.without_conflicts,3.8253034670000003,ms,lower,primary,baseline/results/951758/scan-cuda/run-1.log
scan-cuda,1,block_512.bytes_2.with_conflicts,4.24477832,ms,lower,primary,baseline/results/951758/scan-cuda/run-1.log
scan-cuda,1,block_512.bytes_2.without_conflicts,3.823907715,ms,lower,primary,baseline/results/951758/scan-cuda/run-1.log
scan-cuda,1,block_512.bytes_4.with_conflicts,5.226999512000001,ms,lower,primary,baseline/results/951758/scan-cuda/run-1.log
scan-cuda,1,block_512.bytes_4.without_conflicts,3.714148438,ms,lower,primary,baseline/results/951758/scan-cuda/run-1.log
scan-cuda,1,block_512.bytes_8.with_conflicts,8.358145508,ms,lower,primary,baseline/results/951758/scan-cuda/run-1.log
scan-cuda,1,block_512.bytes_8.without_conflicts,6.358937012,ms,lower,primary,baseline/results/951758/scan-cuda/run-1.log
scan-cuda,1,block_1024.bytes_1.with_conflicts,3.953249023,ms,lower,primary,baseline/results/951758/scan-cuda/run-1.log
scan-cuda,1,block_1024.bytes_1.without_conflicts,3.980233154,ms,lower,primary,baseline/results/951758/scan-cuda/run-1.log
scan-cuda,1,block_1024.bytes_2.with_conflicts,4.186290039,ms,lower,primary,baseline/results/951758/scan-cuda/run-1.log
scan-cuda,1,block_1024.bytes_2.without_conflicts,4.159428223,ms,lower,primary,baseline/results/951758/scan-cuda/run-1.log
scan-cuda,1,block_1024.bytes_4.with_conflicts,5.604818359,ms,lower,primary,baseline/results/951758/scan-cuda/run-1.log
scan-cuda,1,block_1024.bytes_4.without_conflicts,4.014445557,ms,lower,primary,baseline/results/951758/scan-cuda/run-1.log
scan-cuda,1,block_1024.bytes_8.with_conflicts,8.282420898,ms,lower,primary,baseline/results/951758/scan-cuda/run-1.log
scan-cuda,1,block_1024.bytes_8.without_conflicts,6.581356445000001,ms,lower,primary,baseline/results/951758/scan-cuda/run-1.log
scan-cuda,1,block_2048.bytes_1.with_conflicts,4.032404785000001,ms,lower,primary,baseline/results/951758/scan-cuda/run-1.log
scan-cuda,1,block_2048.bytes_1.without_conflicts,5.139959473,ms,lower,primary,baseline/results/951758/scan-cuda/run-1.log
scan-cuda,1,block_2048.bytes_2.with_conflicts,4.6856948240000005,ms,lower,primary,baseline/results/951758/scan-cuda/run-1.log
scan-cuda,1,block_2048.bytes_2.without_conflicts,5.399006836,ms,lower,primary,baseline/results/951758/scan-cuda/run-1.log
scan-cuda,1,block_2048.bytes_4.with_conflicts,6.11833252,ms,lower,primary,baseline/results/951758/scan-cuda/run-1.log
scan-cuda,1,block_2048.bytes_4.without_conflicts,5.617100585999999,ms,lower,primary,baseline/results/951758/scan-cuda/run-1.log
scan-cuda,1,block_2048.bytes_8.with_conflicts,8.845299805000002,ms,lower,primary,baseline/results/951758/scan-cuda/run-1.log
scan-cuda,1,block_2048.bytes_8.without_conflicts,8.004085449,ms,lower,primary,baseline/results/951758/scan-cuda/run-1.log
scan-cuda,2,block_128.bytes_1.with_conflicts,3.089157715,ms,lower,primary,baseline/results/951758/scan-cuda/run-2.log
scan-cuda,2,block_128.bytes_1.without_conflicts,3.523133789,ms,lower,primary,baseline/results/951758/scan-cuda/run-2.log
scan-cuda,2,block_128.bytes_2.with_conflicts,3.648221924,ms,lower,primary,baseline/results/951758/scan-cuda/run-2.log
scan-cuda,2,block_128.bytes_2.without_conflicts,3.710273438,ms,lower,primary,baseline/results/951758/scan-cuda/run-2.log
scan-cuda,2,block_128.bytes_4.with_conflicts,4.894785156,ms,lower,primary,baseline/results/951758/scan-cuda/run-2.log
scan-cuda,2,block_128.bytes_4.without_conflicts,3.521182617,ms,lower,primary,baseline/results/951758/scan-cuda/run-2.log
scan-cuda,2,block_128.bytes_8.with_conflicts,8.373823242,ms,lower,primary,baseline/results/951758/scan-cuda/run-2.log
scan-cuda,2,block_128.bytes_8.without_conflicts,6.131242676,ms,lower,primary,baseline/results/951758/scan-cuda/run-2.log
scan-cuda,2,block_256.bytes_1.with_conflicts,3.198507812,ms,lower,primary,baseline/results/951758/scan-cuda/run-2.log
scan-cuda,2,block_256.bytes_1.without_conflicts,3.3633852539999998,ms,lower,primary,baseline/results/951758/scan-cuda/run-2.log
scan-cuda,2,block_256.bytes_2.with_conflicts,3.7698017580000003,ms,lower,primary,baseline/results/951758/scan-cuda/run-2.log
scan-cuda,2,block_256.bytes_2.without_conflicts,3.5347043460000003,ms,lower,primary,baseline/results/951758/scan-cuda/run-2.log
scan-cuda,2,block_256.bytes_4.with_conflicts,5.0318911129999995,ms,lower,primary,baseline/results/951758/scan-cuda/run-2.log
scan-cuda,2,block_256.bytes_4.without_conflicts,3.253237549,ms,lower,primary,baseline/results/951758/scan-cuda/run-2.log
scan-cuda,2,block_256.bytes_8.with_conflicts,8.35328125,ms,lower,primary,baseline/results/951758/scan-cuda/run-2.log
scan-cuda,2,block_256.bytes_8.without_conflicts,8.021051270000001,ms,lower,primary,baseline/results/951758/scan-cuda/run-2.log
scan-cuda,2,block_512.bytes_1.with_conflicts,3.358888672,ms,lower,primary,baseline/results/951758/scan-cuda/run-2.log
scan-cuda,2,block_512.bytes_1.without_conflicts,3.8271115719999997,ms,lower,primary,baseline/results/951758/scan-cuda/run-2.log
scan-cuda,2,block_512.bytes_2.with_conflicts,3.949126953,ms,lower,primary,baseline/results/951758/scan-cuda/run-2.log
scan-cuda,2,block_512.bytes_2.without_conflicts,3.812125732,ms,lower,primary,baseline/results/951758/scan-cuda/run-2.log
scan-cuda,2,block_512.bytes_4.with_conflicts,5.226219238,ms,lower,primary,baseline/results/951758/scan-cuda/run-2.log
scan-cuda,2,block_512.bytes_4.without_conflicts,3.717334961,ms,lower,primary,baseline/results/951758/scan-cuda/run-2.log
scan-cuda,2,block_512.bytes_8.with_conflicts,8.357666016,ms,lower,primary,baseline/results/951758/scan-cuda/run-2.log
scan-cuda,2,block_512.bytes_8.without_conflicts,6.358593262,ms,lower,primary,baseline/results/951758/scan-cuda/run-2.log
scan-cuda,2,block_1024.bytes_1.with_conflicts,3.607496338,ms,lower,primary,baseline/results/951758/scan-cuda/run-2.log
scan-cuda,2,block_1024.bytes_1.without_conflicts,3.980112549,ms,lower,primary,baseline/results/951758/scan-cuda/run-2.log
scan-cuda,2,block_1024.bytes_2.with_conflicts,4.185316895,ms,lower,primary,baseline/results/951758/scan-cuda/run-2.log
scan-cuda,2,block_1024.bytes_2.without_conflicts,4.159480469,ms,lower,primary,baseline/results/951758/scan-cuda/run-2.log
scan-cuda,2,block_1024.bytes_4.with_conflicts,5.605629395,ms,lower,primary,baseline/results/951758/scan-cuda/run-2.log
scan-cuda,2,block_1024.bytes_4.without_conflicts,4.019216309,ms,lower,primary,baseline/results/951758/scan-cuda/run-2.log
scan-cuda,2,block_1024.bytes_8.with_conflicts,8.286912109000001,ms,lower,primary,baseline/results/951758/scan-cuda/run-2.log
scan-cuda,2,block_1024.bytes_8.without_conflicts,6.592268066,ms,lower,primary,baseline/results/951758/scan-cuda/run-2.log
scan-cuda,2,block_2048.bytes_1.with_conflicts,4.030344727,ms,lower,primary,baseline/results/951758/scan-cuda/run-2.log
scan-cuda,2,block_2048.bytes_1.without_conflicts,5.139550781,ms,lower,primary,baseline/results/951758/scan-cuda/run-2.log
scan-cuda,2,block_2048.bytes_2.with_conflicts,4.68490332,ms,lower,primary,baseline/results/951758/scan-cuda/run-2.log
scan-cuda,2,block_2048.bytes_2.without_conflicts,5.3988149409999995,ms,lower,primary,baseline/results/951758/scan-cuda/run-2.log
scan-cuda,2,block_2048.bytes_4.with_conflicts,6.117496094,ms,lower,primary,baseline/results/951758/scan-cuda/run-2.log
scan-cuda,2,block_2048.bytes_4.without_conflicts,5.616779784999999,ms,lower,primary,baseline/results/951758/scan-cuda/run-2.log
scan-cuda,2,block_2048.bytes_8.with_conflicts,8.842428711,ms,lower,primary,baseline/results/951758/scan-cuda/run-2.log
scan-cuda,2,block_2048.bytes_8.without_conflicts,8.006294434,ms,lower,primary,baseline/results/951758/scan-cuda/run-2.log
scan-cuda,3,block_128.bytes_1.with_conflicts,3.08878418,ms,lower,primary,baseline/results/951758/scan-cuda/run-3.log
scan-cuda,3,block_128.bytes_1.without_conflicts,3.520113525,ms,lower,primary,baseline/results/951758/scan-cuda/run-3.log
scan-cuda,3,block_128.bytes_2.with_conflicts,3.645072266,ms,lower,primary,baseline/results/951758/scan-cuda/run-3.log
scan-cuda,3,block_128.bytes_2.without_conflicts,3.708056152,ms,lower,primary,baseline/results/951758/scan-cuda/run-3.log
scan-cuda,3,block_128.bytes_4.with_conflicts,4.891437988,ms,lower,primary,baseline/results/951758/scan-cuda/run-3.log
scan-cuda,3,block_128.bytes_4.without_conflicts,3.518688232,ms,lower,primary,baseline/results/951758/scan-cuda/run-3.log
scan-cuda,3,block_128.bytes_8.with_conflicts,8.367489257999999,ms,lower,primary,baseline/results/951758/scan-cuda/run-3.log
scan-cuda,3,block_128.bytes_8.without_conflicts,6.128459473,ms,lower,primary,baseline/results/951758/scan-cuda/run-3.log
scan-cuda,3,block_256.bytes_1.with_conflicts,3.19857666,ms,lower,primary,baseline/results/951758/scan-cuda/run-3.log
scan-cuda,3,block_256.bytes_1.without_conflicts,3.363545898,ms,lower,primary,baseline/results/951758/scan-cuda/run-3.log
scan-cuda,3,block_256.bytes_2.with_conflicts,3.7701728520000004,ms,lower,primary,baseline/results/951758/scan-cuda/run-3.log
scan-cuda,3,block_256.bytes_2.without_conflicts,3.5329685060000005,ms,lower,primary,baseline/results/951758/scan-cuda/run-3.log
scan-cuda,3,block_256.bytes_4.with_conflicts,5.284113281,ms,lower,primary,baseline/results/951758/scan-cuda/run-3.log
scan-cuda,3,block_256.bytes_4.without_conflicts,3.251675537,ms,lower,primary,baseline/results/951758/scan-cuda/run-3.log
scan-cuda,3,block_256.bytes_8.with_conflicts,8.353230469,ms,lower,primary,baseline/results/951758/scan-cuda/run-3.log
scan-cuda,3,block_256.bytes_8.without_conflicts,8.024144531,ms,lower,primary,baseline/results/951758/scan-cuda/run-3.log
scan-cuda,3,block_512.bytes_1.with_conflicts,3.36007251,ms,lower,primary,baseline/results/951758/scan-cuda/run-3.log
scan-cuda,3,block_512.bytes_1.without_conflicts,3.827462158,ms,lower,primary,baseline/results/951758/scan-cuda/run-3.log
scan-cuda,3,block_512.bytes_2.with_conflicts,4.225041992,ms,lower,primary,baseline/results/951758/scan-cuda/run-3.log
scan-cuda,3,block_512.bytes_2.without_conflicts,3.81195166,ms,lower,primary,baseline/results/951758/scan-cuda/run-3.log
scan-cuda,3,block_512.bytes_4.with_conflicts,5.225624512,ms,lower,primary,baseline/results/951758/scan-cuda/run-3.log
scan-cuda,3,block_512.bytes_4.without_conflicts,3.717633789,ms,lower,primary,baseline/results/951758/scan-cuda/run-3.log
scan-cuda,3,block_512.bytes_8.with_conflicts,8.365527344,ms,lower,primary,baseline/results/951758/scan-cuda/run-3.log
scan-cuda,3,block_512.bytes_8.without_conflicts,6.356598633,ms,lower,primary,baseline/results/951758/scan-cuda/run-3.log
scan-cuda,3,block_1024.bytes_1.with_conflicts,4.051134033,ms,lower,primary,baseline/results/951758/scan-cuda/run-3.log
scan-cuda,3,block_1024.bytes_1.without_conflicts,3.979015625,ms,lower,primary,baseline/results/951758/scan-cuda/run-3.log
scan-cuda,3,block_1024.bytes_2.with_conflicts,4.185288086,ms,lower,primary,baseline/results/951758/scan-cuda/run-3.log
scan-cuda,3,block_1024.bytes_2.without_conflicts,4.159865234,ms,lower,primary,baseline/results/951758/scan-cuda/run-3.log
scan-cuda,3,block_1024.bytes_4.with_conflicts,5.60397168,ms,lower,primary,baseline/results/951758/scan-cuda/run-3.log
scan-cuda,3,block_1024.bytes_4.without_conflicts,4.009810303,ms,lower,primary,baseline/results/951758/scan-cuda/run-3.log
scan-cuda,3,block_1024.bytes_8.with_conflicts,8.280354492,ms,lower,primary,baseline/results/951758/scan-cuda/run-3.log
scan-cuda,3,block_1024.bytes_8.without_conflicts,6.583741699,ms,lower,primary,baseline/results/951758/scan-cuda/run-3.log
scan-cuda,3,block_2048.bytes_1.with_conflicts,4.031265869,ms,lower,primary,baseline/results/951758/scan-cuda/run-3.log
scan-cuda,3,block_2048.bytes_1.without_conflicts,5.140035156,ms,lower,primary,baseline/results/951758/scan-cuda/run-3.log
scan-cuda,3,block_2048.bytes_2.with_conflicts,4.685113281,ms,lower,primary,baseline/results/951758/scan-cuda/run-3.log
scan-cuda,3,block_2048.bytes_2.without_conflicts,5.398852539000001,ms,lower,primary,baseline/results/951758/scan-cuda/run-3.log
scan-cuda,3,block_2048.bytes_4.with_conflicts,6.11740918,ms,lower,primary,baseline/results/951758/scan-cuda/run-3.log
scan-cuda,3,block_2048.bytes_4.without_conflicts,5.6161533200000004,ms,lower,primary,baseline/results/951758/scan-cuda/run-3.log
scan-cuda,3,block_2048.bytes_8.with_conflicts,8.840363281,ms,lower,primary,baseline/results/951758/scan-cuda/run-3.log
scan-cuda,3,block_2048.bytes_8.without_conflicts,8.00859375,ms,lower,primary,baseline/results/951758/scan-cuda/run-3.log
scan-cuda,4,block_128.bytes_1.with_conflicts,3.090136963,ms,lower,primary,baseline/results/951758/scan-cuda/run-4.log
scan-cuda,4,block_128.bytes_1.without_conflicts,3.5207072750000004,ms,lower,primary,baseline/results/951758/scan-cuda/run-4.log
scan-cuda,4,block_128.bytes_2.with_conflicts,3.649594482,ms,lower,primary,baseline/results/951758/scan-cuda/run-4.log
scan-cuda,4,block_128.bytes_2.without_conflicts,3.7126096189999997,ms,lower,primary,baseline/results/951758/scan-cuda/run-4.log
scan-cuda,4,block_128.bytes_4.with_conflicts,4.890393555,ms,lower,primary,baseline/results/951758/scan-cuda/run-4.log
scan-cuda,4,block_128.bytes_4.without_conflicts,3.519659424,ms,lower,primary,baseline/results/951758/scan-cuda/run-4.log
scan-cuda,4,block_128.bytes_8.with_conflicts,8.376464844000001,ms,lower,primary,baseline/results/951758/scan-cuda/run-4.log
scan-cuda,4,block_128.bytes_8.without_conflicts,6.1306494140000005,ms,lower,primary,baseline/results/951758/scan-cuda/run-4.log
scan-cuda,4,block_256.bytes_1.with_conflicts,3.1996740719999996,ms,lower,primary,baseline/results/951758/scan-cuda/run-4.log
scan-cuda,4,block_256.bytes_1.without_conflicts,3.365587402,ms,lower,primary,baseline/results/951758/scan-cuda/run-4.log
scan-cuda,4,block_256.bytes_2.with_conflicts,3.771481934,ms,lower,primary,baseline/results/951758/scan-cuda/run-4.log
scan-cuda,4,block_256.bytes_2.without_conflicts,3.535066895,ms,lower,primary,baseline/results/951758/scan-cuda/run-4.log
scan-cuda,4,block_256.bytes_4.with_conflicts,5.030908203,ms,lower,primary,baseline/results/951758/scan-cuda/run-4.log
scan-cuda,4,block_256.bytes_4.without_conflicts,3.252261963,ms,lower,primary,baseline/results/951758/scan-cuda/run-4.log
scan-cuda,4,block_256.bytes_8.with_conflicts,8.350682617,ms,lower,primary,baseline/results/951758/scan-cuda/run-4.log
scan-cuda,4,block_256.bytes_8.without_conflicts,8.026553711,ms,lower,primary,baseline/results/951758/scan-cuda/run-4.log
scan-cuda,4,block_512.bytes_1.with_conflicts,3.359609131,ms,lower,primary,baseline/results/951758/scan-cuda/run-4.log
scan-cuda,4,block_512.bytes_1.without_conflicts,3.827278809,ms,lower,primary,baseline/results/951758/scan-cuda/run-4.log
scan-cuda,4,block_512.bytes_2.with_conflicts,3.9489353030000003,ms,lower,primary,baseline/results/951758/scan-cuda/run-4.log
scan-cuda,4,block_512.bytes_2.without_conflicts,3.816436279,ms,lower,primary,baseline/results/951758/scan-cuda/run-4.log
scan-cuda,4,block_512.bytes_4.with_conflicts,5.225692382999999,ms,lower,primary,baseline/results/951758/scan-cuda/run-4.log
scan-cuda,4,block_512.bytes_4.without_conflicts,3.7159665530000003,ms,lower,primary,baseline/results/951758/scan-cuda/run-4.log
scan-cuda,4,block_512.bytes_8.with_conflicts,8.359200195,ms,lower,primary,baseline/results/951758/scan-cuda/run-4.log
scan-cuda,4,block_512.bytes_8.without_conflicts,6.358314453,ms,lower,primary,baseline/results/951758/scan-cuda/run-4.log
scan-cuda,4,block_1024.bytes_1.with_conflicts,3.607259033,ms,lower,primary,baseline/results/951758/scan-cuda/run-4.log
scan-cuda,4,block_1024.bytes_1.without_conflicts,3.9795085450000003,ms,lower,primary,baseline/results/951758/scan-cuda/run-4.log
scan-cuda,4,block_1024.bytes_2.with_conflicts,4.185007324,ms,lower,primary,baseline/results/951758/scan-cuda/run-4.log
scan-cuda,4,block_1024.bytes_2.without_conflicts,4.159859375,ms,lower,primary,baseline/results/951758/scan-cuda/run-4.log
scan-cuda,4,block_1024.bytes_4.with_conflicts,5.603966797,ms,lower,primary,baseline/results/951758/scan-cuda/run-4.log
scan-cuda,4,block_1024.bytes_4.without_conflicts,4.014479004,ms,lower,primary,baseline/results/951758/scan-cuda/run-4.log
scan-cuda,4,block_1024.bytes_8.with_conflicts,8.280920898,ms,lower,primary,baseline/results/951758/scan-cuda/run-4.log
scan-cuda,4,block_1024.bytes_8.without_conflicts,6.588180664,ms,lower,primary,baseline/results/951758/scan-cuda/run-4.log
scan-cuda,4,block_2048.bytes_1.with_conflicts,4.031481201,ms,lower,primary,baseline/results/951758/scan-cuda/run-4.log
scan-cuda,4,block_2048.bytes_1.without_conflicts,5.139878418,ms,lower,primary,baseline/results/951758/scan-cuda/run-4.log
scan-cuda,4,block_2048.bytes_2.with_conflicts,4.684872070000001,ms,lower,primary,baseline/results/951758/scan-cuda/run-4.log
scan-cuda,4,block_2048.bytes_2.without_conflicts,5.398370605,ms,lower,primary,baseline/results/951758/scan-cuda/run-4.log
scan-cuda,4,block_2048.bytes_4.with_conflicts,6.118226074,ms,lower,primary,baseline/results/951758/scan-cuda/run-4.log
scan-cuda,4,block_2048.bytes_4.without_conflicts,5.618394531,ms,lower,primary,baseline/results/951758/scan-cuda/run-4.log
scan-cuda,4,block_2048.bytes_8.with_conflicts,8.846008788999999,ms,lower,primary,baseline/results/951758/scan-cuda/run-4.log
scan-cuda,4,block_2048.bytes_8.without_conflicts,8.001771973,ms,lower,primary,baseline/results/951758/scan-cuda/run-4.log
scan-cuda,5,block_128.bytes_1.with_conflicts,3.090029785,ms,lower,primary,baseline/results/951758/scan-cuda/run-5.log
scan-cuda,5,block_128.bytes_1.without_conflicts,3.5176203609999996,ms,lower,primary,baseline/results/951758/scan-cuda/run-5.log
scan-cuda,5,block_128.bytes_2.with_conflicts,3.646650635,ms,lower,primary,baseline/results/951758/scan-cuda/run-5.log
scan-cuda,5,block_128.bytes_2.without_conflicts,3.710402832,ms,lower,primary,baseline/results/951758/scan-cuda/run-5.log
scan-cuda,5,block_128.bytes_4.with_conflicts,4.894497070000001,ms,lower,primary,baseline/results/951758/scan-cuda/run-5.log
scan-cuda,5,block_128.bytes_4.without_conflicts,3.5198222660000003,ms,lower,primary,baseline/results/951758/scan-cuda/run-5.log
scan-cuda,5,block_128.bytes_8.with_conflicts,8.36918457,ms,lower,primary,baseline/results/951758/scan-cuda/run-5.log
scan-cuda,5,block_128.bytes_8.without_conflicts,6.12752002,ms,lower,primary,baseline/results/951758/scan-cuda/run-5.log
scan-cuda,5,block_256.bytes_1.with_conflicts,3.19911084,ms,lower,primary,baseline/results/951758/scan-cuda/run-5.log
scan-cuda,5,block_256.bytes_1.without_conflicts,3.364823242,ms,lower,primary,baseline/results/951758/scan-cuda/run-5.log
scan-cuda,5,block_256.bytes_2.with_conflicts,3.77144458,ms,lower,primary,baseline/results/951758/scan-cuda/run-5.log
scan-cuda,5,block_256.bytes_2.without_conflicts,3.534428223,ms,lower,primary,baseline/results/951758/scan-cuda/run-5.log
scan-cuda,5,block_256.bytes_4.with_conflicts,5.090063965000001,ms,lower,primary,baseline/results/951758/scan-cuda/run-5.log
scan-cuda,5,block_256.bytes_4.without_conflicts,3.25241748,ms,lower,primary,baseline/results/951758/scan-cuda/run-5.log
scan-cuda,5,block_256.bytes_8.with_conflicts,8.351686523,ms,lower,primary,baseline/results/951758/scan-cuda/run-5.log
scan-cuda,5,block_256.bytes_8.without_conflicts,8.026618652,ms,lower,primary,baseline/results/951758/scan-cuda/run-5.log
scan-cuda,5,block_512.bytes_1.with_conflicts,3.360198242,ms,lower,primary,baseline/results/951758/scan-cuda/run-5.log
scan-cuda,5,block_512.bytes_1.without_conflicts,3.827227783,ms,lower,primary,baseline/results/951758/scan-cuda/run-5.log
scan-cuda,5,block_512.bytes_2.with_conflicts,4.2157045900000005,ms,lower,primary,baseline/results/951758/scan-cuda/run-5.log
scan-cuda,5,block_512.bytes_2.without_conflicts,3.8282897950000003,ms,lower,primary,baseline/results/951758/scan-cuda/run-5.log
scan-cuda,5,block_512.bytes_4.with_conflicts,5.225828613,ms,lower,primary,baseline/results/951758/scan-cuda/run-5.log
scan-cuda,5,block_512.bytes_4.without_conflicts,3.7159118650000003,ms,lower,primary,baseline/results/951758/scan-cuda/run-5.log
scan-cuda,5,block_512.bytes_8.with_conflicts,8.361316406,ms,lower,primary,baseline/results/951758/scan-cuda/run-5.log
scan-cuda,5,block_512.bytes_8.without_conflicts,6.358734375,ms,lower,primary,baseline/results/951758/scan-cuda/run-5.log
scan-cuda,5,block_1024.bytes_1.with_conflicts,3.8592409670000003,ms,lower,primary,baseline/results/951758/scan-cuda/run-5.log
scan-cuda,5,block_1024.bytes_1.without_conflicts,3.9806335450000003,ms,lower,primary,baseline/results/951758/scan-cuda/run-5.log
scan-cuda,5,block_1024.bytes_2.with_conflicts,4.186354492,ms,lower,primary,baseline/results/951758/scan-cuda/run-5.log
scan-cuda,5,block_1024.bytes_2.without_conflicts,4.160086914000001,ms,lower,primary,baseline/results/951758/scan-cuda/run-5.log
scan-cuda,5,block_1024.bytes_4.with_conflicts,5.606150391,ms,lower,primary,baseline/results/951758/scan-cuda/run-5.log
scan-cuda,5,block_1024.bytes_4.without_conflicts,4.008645508,ms,lower,primary,baseline/results/951758/scan-cuda/run-5.log
scan-cuda,5,block_1024.bytes_8.with_conflicts,8.287574219,ms,lower,primary,baseline/results/951758/scan-cuda/run-5.log
scan-cuda,5,block_1024.bytes_8.without_conflicts,6.595697266,ms,lower,primary,baseline/results/951758/scan-cuda/run-5.log
scan-cuda,5,block_2048.bytes_1.with_conflicts,4.031975098,ms,lower,primary,baseline/results/951758/scan-cuda/run-5.log
scan-cuda,5,block_2048.bytes_1.without_conflicts,5.140313476999999,ms,lower,primary,baseline/results/951758/scan-cuda/run-5.log
scan-cuda,5,block_2048.bytes_2.with_conflicts,4.686072266,ms,lower,primary,baseline/results/951758/scan-cuda/run-5.log
scan-cuda,5,block_2048.bytes_2.without_conflicts,5.39979834,ms,lower,primary,baseline/results/951758/scan-cuda/run-5.log
scan-cuda,5,block_2048.bytes_4.with_conflicts,6.118227539,ms,lower,primary,baseline/results/951758/scan-cuda/run-5.log
scan-cuda,5,block_2048.bytes_4.without_conflicts,5.615979492,ms,lower,primary,baseline/results/951758/scan-cuda/run-5.log
scan-cuda,5,block_2048.bytes_8.with_conflicts,8.844868164,ms,lower,primary,baseline/results/951758/scan-cuda/run-5.log
scan-cuda,5,block_2048.bytes_8.without_conflicts,8.004594238,ms,lower,primary,baseline/results/951758/scan-cuda/run-5.log
snake-cuda,1,threshold_0.kernel_time,0.005721,ms,lower,primary,baseline/results/951758/snake-cuda/run-1.log
snake-cuda,1,threshold_1.kernel_time,0.008894,ms,lower,primary,baseline/results/951758/snake-cuda/run-1.log
snake-cuda,1,threshold_2.kernel_time,0.013178,ms,lower,primary,baseline/results/951758/snake-cuda/run-1.log
snake-cuda,1,threshold_3.kernel_time,0.021399,ms,lower,primary,baseline/results/951758/snake-cuda/run-1.log
snake-cuda,1,threshold_4.kernel_time,0.035720999999999996,ms,lower,primary,baseline/results/951758/snake-cuda/run-1.log
snake-cuda,1,threshold_5.kernel_time,0.044455,ms,lower,primary,baseline/results/951758/snake-cuda/run-1.log
snake-cuda,1,threshold_6.kernel_time,0.059397,ms,lower,primary,baseline/results/951758/snake-cuda/run-1.log
snake-cuda,1,threshold_7.kernel_time,0.072769,ms,lower,primary,baseline/results/951758/snake-cuda/run-1.log
snake-cuda,1,threshold_8.kernel_time,0.08965000000000001,ms,lower,primary,baseline/results/951758/snake-cuda/run-1.log
snake-cuda,1,threshold_9.kernel_time,0.106228,ms,lower,primary,baseline/results/951758/snake-cuda/run-1.log
snake-cuda,1,threshold_10.kernel_time,0.12229000000000001,ms,lower,primary,baseline/results/951758/snake-cuda/run-1.log
snake-cuda,1,threshold_11.kernel_time,0.145854,ms,lower,primary,baseline/results/951758/snake-cuda/run-1.log
snake-cuda,1,threshold_12.kernel_time,0.170829,ms,lower,primary,baseline/results/951758/snake-cuda/run-1.log
snake-cuda,1,threshold_13.kernel_time,0.19634000000000001,ms,lower,primary,baseline/results/951758/snake-cuda/run-1.log
snake-cuda,1,threshold_14.kernel_time,0.234559,ms,lower,primary,baseline/results/951758/snake-cuda/run-1.log
snake-cuda,1,threshold_15.kernel_time,0.266446,ms,lower,primary,baseline/results/951758/snake-cuda/run-1.log
snake-cuda,1,threshold_16.kernel_time,0.30519999999999997,ms,lower,primary,baseline/results/951758/snake-cuda/run-1.log
snake-cuda,1,threshold_17.kernel_time,0.34846900000000003,ms,lower,primary,baseline/results/951758/snake-cuda/run-1.log
snake-cuda,1,threshold_18.kernel_time,0.394504,ms,lower,primary,baseline/results/951758/snake-cuda/run-1.log
snake-cuda,1,threshold_19.kernel_time,0.435662,ms,lower,primary,baseline/results/951758/snake-cuda/run-1.log
snake-cuda,1,threshold_20.kernel_time,0.48527400000000004,ms,lower,primary,baseline/results/951758/snake-cuda/run-1.log
snake-cuda,1,threshold_21.kernel_time,0.540881,ms,lower,primary,baseline/results/951758/snake-cuda/run-1.log
snake-cuda,1,threshold_22.kernel_time,0.575717,ms,lower,primary,baseline/results/951758/snake-cuda/run-1.log
snake-cuda,1,threshold_23.kernel_time,0.686924,ms,lower,primary,baseline/results/951758/snake-cuda/run-1.log
snake-cuda,1,threshold_24.kernel_time,0.767503,ms,lower,primary,baseline/results/951758/snake-cuda/run-1.log
snake-cuda,1,threshold_25.kernel_time,0.8234090000000001,ms,lower,primary,baseline/results/951758/snake-cuda/run-1.log
snake-cuda,2,threshold_0.kernel_time,0.005644000000000001,ms,lower,primary,baseline/results/951758/snake-cuda/run-2.log
snake-cuda,2,threshold_1.kernel_time,0.008842000000000001,ms,lower,primary,baseline/results/951758/snake-cuda/run-2.log
snake-cuda,2,threshold_2.kernel_time,0.013177,ms,lower,primary,baseline/results/951758/snake-cuda/run-2.log
snake-cuda,2,threshold_3.kernel_time,0.021418,ms,lower,primary,baseline/results/951758/snake-cuda/run-2.log
snake-cuda,2,threshold_4.kernel_time,0.035706,ms,lower,primary,baseline/results/951758/snake-cuda/run-2.log
snake-cuda,2,threshold_5.kernel_time,0.044429,ms,lower,primary,baseline/results/951758/snake-cuda/run-2.log
snake-cuda,2,threshold_6.kernel_time,0.059372,ms,lower,primary,baseline/results/951758/snake-cuda/run-2.log
snake-cuda,2,threshold_7.kernel_time,0.07274599999999999,ms,lower,primary,baseline/results/951758/snake-cuda/run-2.log
snake-cuda,2,threshold_8.kernel_time,0.08957899999999999,ms,lower,primary,baseline/results/951758/snake-cuda/run-2.log
snake-cuda,2,threshold_9.kernel_time,0.10619,ms,lower,primary,baseline/results/951758/snake-cuda/run-2.log
snake-cuda,2,threshold_10.kernel_time,0.122175,ms,lower,primary,baseline/results/951758/snake-cuda/run-2.log
snake-cuda,2,threshold_11.kernel_time,0.145733,ms,lower,primary,baseline/results/951758/snake-cuda/run-2.log
snake-cuda,2,threshold_12.kernel_time,0.17083600000000002,ms,lower,primary,baseline/results/951758/snake-cuda/run-2.log
snake-cuda,2,threshold_13.kernel_time,0.19632300000000003,ms,lower,primary,baseline/results/951758/snake-cuda/run-2.log
snake-cuda,2,threshold_14.kernel_time,0.234406,ms,lower,primary,baseline/results/951758/snake-cuda/run-2.log
snake-cuda,2,threshold_15.kernel_time,0.266276,ms,lower,primary,baseline/results/951758/snake-cuda/run-2.log
snake-cuda,2,threshold_16.kernel_time,0.304974,ms,lower,primary,baseline/results/951758/snake-cuda/run-2.log
snake-cuda,2,threshold_17.kernel_time,0.348361,ms,lower,primary,baseline/results/951758/snake-cuda/run-2.log
snake-cuda,2,threshold_18.kernel_time,0.39445100000000005,ms,lower,primary,baseline/results/951758/snake-cuda/run-2.log
snake-cuda,2,threshold_19.kernel_time,0.435589,ms,lower,primary,baseline/results/951758/snake-cuda/run-2.log
snake-cuda,2,threshold_20.kernel_time,0.48512500000000003,ms,lower,primary,baseline/results/951758/snake-cuda/run-2.log
snake-cuda,2,threshold_21.kernel_time,0.5408250000000001,ms,lower,primary,baseline/results/951758/snake-cuda/run-2.log
snake-cuda,2,threshold_22.kernel_time,0.5756680000000001,ms,lower,primary,baseline/results/951758/snake-cuda/run-2.log
snake-cuda,2,threshold_23.kernel_time,0.6868529999999999,ms,lower,primary,baseline/results/951758/snake-cuda/run-2.log
snake-cuda,2,threshold_24.kernel_time,0.767539,ms,lower,primary,baseline/results/951758/snake-cuda/run-2.log
snake-cuda,2,threshold_25.kernel_time,0.823249,ms,lower,primary,baseline/results/951758/snake-cuda/run-2.log
snake-cuda,3,threshold_0.kernel_time,0.005671000000000001,ms,lower,primary,baseline/results/951758/snake-cuda/run-3.log
snake-cuda,3,threshold_1.kernel_time,0.008832000000000001,ms,lower,primary,baseline/results/951758/snake-cuda/run-3.log
snake-cuda,3,threshold_2.kernel_time,0.013177,ms,lower,primary,baseline/results/951758/snake-cuda/run-3.log
snake-cuda,3,threshold_3.kernel_time,0.021412,ms,lower,primary,baseline/results/951758/snake-cuda/run-3.log
snake-cuda,3,threshold_4.kernel_time,0.035715000000000004,ms,lower,primary,baseline/results/951758/snake-cuda/run-3.log
snake-cuda,3,threshold_5.kernel_time,0.044503,ms,lower,primary,baseline/results/951758/snake-cuda/run-3.log
snake-cuda,3,threshold_6.kernel_time,0.059414,ms,lower,primary,baseline/results/951758/snake-cuda/run-3.log
snake-cuda,3,threshold_7.kernel_time,0.07276,ms,lower,primary,baseline/results/951758/snake-cuda/run-3.log
snake-cuda,3,threshold_8.kernel_time,0.089613,ms,lower,primary,baseline/results/951758/snake-cuda/run-3.log
snake-cuda,3,threshold_9.kernel_time,0.106222,ms,lower,primary,baseline/results/951758/snake-cuda/run-3.log
snake-cuda,3,threshold_10.kernel_time,0.122234,ms,lower,primary,baseline/results/951758/snake-cuda/run-3.log
snake-cuda,3,threshold_11.kernel_time,0.145828,ms,lower,primary,baseline/results/951758/snake-cuda/run-3.log
snake-cuda,3,threshold_12.kernel_time,0.17084000000000002,ms,lower,primary,baseline/results/951758/snake-cuda/run-3.log
snake-cuda,3,threshold_13.kernel_time,0.196364,ms,lower,primary,baseline/results/951758/snake-cuda/run-3.log
snake-cuda,3,threshold_14.kernel_time,0.234456,ms,lower,primary,baseline/results/951758/snake-cuda/run-3.log
snake-cuda,3,threshold_15.kernel_time,0.266504,ms,lower,primary,baseline/results/951758/snake-cuda/run-3.log
snake-cuda,3,threshold_16.kernel_time,0.30518599999999996,ms,lower,primary,baseline/results/951758/snake-cuda/run-3.log
snake-cuda,3,threshold_17.kernel_time,0.348417,ms,lower,primary,baseline/results/951758/snake-cuda/run-3.log
snake-cuda,3,threshold_18.kernel_time,0.394484,ms,lower,primary,baseline/results/951758/snake-cuda/run-3.log
snake-cuda,3,threshold_19.kernel_time,0.43570200000000003,ms,lower,primary,baseline/results/951758/snake-cuda/run-3.log
snake-cuda,3,threshold_20.kernel_time,0.48504800000000003,ms,lower,primary,baseline/results/951758/snake-cuda/run-3.log
snake-cuda,3,threshold_21.kernel_time,0.540868,ms,lower,primary,baseline/results/951758/snake-cuda/run-3.log
snake-cuda,3,threshold_22.kernel_time,0.5757190000000001,ms,lower,primary,baseline/results/951758/snake-cuda/run-3.log
snake-cuda,3,threshold_23.kernel_time,0.6869210000000001,ms,lower,primary,baseline/results/951758/snake-cuda/run-3.log
snake-cuda,3,threshold_24.kernel_time,0.767515,ms,lower,primary,baseline/results/951758/snake-cuda/run-3.log
snake-cuda,3,threshold_25.kernel_time,0.823347,ms,lower,primary,baseline/results/951758/snake-cuda/run-3.log
snake-cuda,4,threshold_0.kernel_time,0.005693,ms,lower,primary,baseline/results/951758/snake-cuda/run-4.log
snake-cuda,4,threshold_1.kernel_time,0.008811,ms,lower,primary,baseline/results/951758/snake-cuda/run-4.log
snake-cuda,4,threshold_2.kernel_time,0.01318,ms,lower,primary,baseline/results/951758/snake-cuda/run-4.log
snake-cuda,4,threshold_3.kernel_time,0.021412,ms,lower,primary,baseline/results/951758/snake-cuda/run-4.log
snake-cuda,4,threshold_4.kernel_time,0.035715000000000004,ms,lower,primary,baseline/results/951758/snake-cuda/run-4.log
snake-cuda,4,threshold_5.kernel_time,0.044418,ms,lower,primary,baseline/results/951758/snake-cuda/run-4.log
snake-cuda,4,threshold_6.kernel_time,0.059396000000000004,ms,lower,primary,baseline/results/951758/snake-cuda/run-4.log
snake-cuda,4,threshold_7.kernel_time,0.072771,ms,lower,primary,baseline/results/951758/snake-cuda/run-4.log
snake-cuda,4,threshold_8.kernel_time,0.08961400000000001,ms,lower,primary,baseline/results/951758/snake-cuda/run-4.log
snake-cuda,4,threshold_9.kernel_time,0.106205,ms,lower,primary,baseline/results/951758/snake-cuda/run-4.log
snake-cuda,4,threshold_10.kernel_time,0.122253,ms,lower,primary,baseline/results/951758/snake-cuda/run-4.log
snake-cuda,4,threshold_11.kernel_time,0.145799,ms,lower,primary,baseline/results/951758/snake-cuda/run-4.log
snake-cuda,4,threshold_12.kernel_time,0.17083099999999998,ms,lower,primary,baseline/results/951758/snake-cuda/run-4.log
snake-cuda,4,threshold_13.kernel_time,0.196351,ms,lower,primary,baseline/results/951758/snake-cuda/run-4.log
snake-cuda,4,threshold_14.kernel_time,0.234456,ms,lower,primary,baseline/results/951758/snake-cuda/run-4.log
snake-cuda,4,threshold_15.kernel_time,0.26641000000000004,ms,lower,primary,baseline/results/951758/snake-cuda/run-4.log
snake-cuda,4,threshold_16.kernel_time,0.304971,ms,lower,primary,baseline/results/951758/snake-cuda/run-4.log
snake-cuda,4,threshold_17.kernel_time,0.348416,ms,lower,primary,baseline/results/951758/snake-cuda/run-4.log
snake-cuda,4,threshold_18.kernel_time,0.39446600000000004,ms,lower,primary,baseline/results/951758/snake-cuda/run-4.log
snake-cuda,4,threshold_19.kernel_time,0.435662,ms,lower,primary,baseline/results/951758/snake-cuda/run-4.log
snake-cuda,4,threshold_20.kernel_time,0.485162,ms,lower,primary,baseline/results/951758/snake-cuda/run-4.log
snake-cuda,4,threshold_21.kernel_time,0.540862,ms,lower,primary,baseline/results/951758/snake-cuda/run-4.log
snake-cuda,4,threshold_22.kernel_time,0.575705,ms,lower,primary,baseline/results/951758/snake-cuda/run-4.log
snake-cuda,4,threshold_23.kernel_time,0.6868780000000001,ms,lower,primary,baseline/results/951758/snake-cuda/run-4.log
snake-cuda,4,threshold_24.kernel_time,0.767521,ms,lower,primary,baseline/results/951758/snake-cuda/run-4.log
snake-cuda,4,threshold_25.kernel_time,0.823378,ms,lower,primary,baseline/results/951758/snake-cuda/run-4.log
snake-cuda,5,threshold_0.kernel_time,0.005609,ms,lower,primary,baseline/results/951758/snake-cuda/run-5.log
snake-cuda,5,threshold_1.kernel_time,0.008807,ms,lower,primary,baseline/results/951758/snake-cuda/run-5.log
snake-cuda,5,threshold_2.kernel_time,0.013172000000000001,ms,lower,primary,baseline/results/951758/snake-cuda/run-5.log
snake-cuda,5,threshold_3.kernel_time,0.021418,ms,lower,primary,baseline/results/951758/snake-cuda/run-5.log
snake-cuda,5,threshold_4.kernel_time,0.035684,ms,lower,primary,baseline/results/951758/snake-cuda/run-5.log
snake-cuda,5,threshold_5.kernel_time,0.044457,ms,lower,primary,baseline/results/951758/snake-cuda/run-5.log
snake-cuda,5,threshold_6.kernel_time,0.059399,ms,lower,primary,baseline/results/951758/snake-cuda/run-5.log
snake-cuda,5,threshold_7.kernel_time,0.07273,ms,lower,primary,baseline/results/951758/snake-cuda/run-5.log
snake-cuda,5,threshold_8.kernel_time,0.0896,ms,lower,primary,baseline/results/951758/snake-cuda/run-5.log
snake-cuda,5,threshold_9.kernel_time,0.10618899999999999,ms,lower,primary,baseline/results/951758/snake-cuda/run-5.log
snake-cuda,5,threshold_10.kernel_time,0.12219400000000001,ms,lower,primary,baseline/results/951758/snake-cuda/run-5.log
snake-cuda,5,threshold_11.kernel_time,0.14585599999999999,ms,lower,primary,baseline/results/951758/snake-cuda/run-5.log
snake-cuda,5,threshold_12.kernel_time,0.170834,ms,lower,primary,baseline/results/951758/snake-cuda/run-5.log
snake-cuda,5,threshold_13.kernel_time,0.19634700000000002,ms,lower,primary,baseline/results/951758/snake-cuda/run-5.log
snake-cuda,5,threshold_14.kernel_time,0.23438,ms,lower,primary,baseline/results/951758/snake-cuda/run-5.log
snake-cuda,5,threshold_15.kernel_time,0.266318,ms,lower,primary,baseline/results/951758/snake-cuda/run-5.log
snake-cuda,5,threshold_16.kernel_time,0.305142,ms,lower,primary,baseline/results/951758/snake-cuda/run-5.log
snake-cuda,5,threshold_17.kernel_time,0.348433,ms,lower,primary,baseline/results/951758/snake-cuda/run-5.log
snake-cuda,5,threshold_18.kernel_time,0.394347,ms,lower,primary,baseline/results/951758/snake-cuda/run-5.log
snake-cuda,5,threshold_19.kernel_time,0.43564100000000006,ms,lower,primary,baseline/results/951758/snake-cuda/run-5.log
snake-cuda,5,threshold_20.kernel_time,0.485145,ms,lower,primary,baseline/results/951758/snake-cuda/run-5.log
snake-cuda,5,threshold_21.kernel_time,0.540906,ms,lower,primary,baseline/results/951758/snake-cuda/run-5.log
snake-cuda,5,threshold_22.kernel_time,0.575674,ms,lower,primary,baseline/results/951758/snake-cuda/run-5.log
snake-cuda,5,threshold_23.kernel_time,0.686852,ms,lower,primary,baseline/results/951758/snake-cuda/run-5.log
snake-cuda,5,threshold_24.kernel_time,0.76749,ms,lower,primary,baseline/results/951758/snake-cuda/run-5.log
snake-cuda,5,threshold_25.kernel_time,0.823331,ms,lower,primary,baseline/results/951758/snake-cuda/run-5.log
sobel-cuda,1,average_kernel_execution_time,0.007964482,ms,lower,primary,baseline/results/951758/sobel-cuda/run-1.log
sobel-cuda,2,average_kernel_execution_time,0.007986596,ms,lower,primary,baseline/results/951758/sobel-cuda/run-2.log
sobel-cuda,3,average_kernel_execution_time,0.007950275000000001,ms,lower,primary,baseline/results/951758/sobel-cuda/run-3.log
sobel-cuda,4,average_kernel_execution_time,0.00794321,ms,lower,primary,baseline/results/951758/sobel-cuda/run-4.log
sobel-cuda,5,average_kernel_execution_time,0.007972477,ms,lower,primary,baseline/results/951758/sobel-cuda/run-5.log
srad-cuda,1,compute_time,56.462999433,ms,lower,primary,baseline/results/951758/srad-cuda/run-1.log
srad-cuda,1,total_time,199.551999569,ms,lower,secondary,baseline/results/951758/srad-cuda/run-1.log
srad-cuda,2,compute_time,56.448999792,ms,lower,primary,baseline/results/951758/srad-cuda/run-2.log
srad-cuda,2,total_time,198.88000190300002,ms,lower,secondary,baseline/results/951758/srad-cuda/run-2.log
srad-cuda,3,compute_time,56.147001683999996,ms,lower,primary,baseline/results/951758/srad-cuda/run-3.log
srad-cuda,3,total_time,197.382003069,ms,lower,secondary,baseline/results/951758/srad-cuda/run-3.log
srad-cuda,4,compute_time,56.108999997000005,ms,lower,primary,baseline/results/951758/srad-cuda/run-4.log
srad-cuda,4,total_time,197.165995836,ms,lower,secondary,baseline/results/951758/srad-cuda/run-4.log
srad-cuda,5,compute_time,56.163001806,ms,lower,primary,baseline/results/951758/srad-cuda/run-5.log
srad-cuda,5,total_time,197.561994195,ms,lower,secondary,baseline/results/951758/srad-cuda/run-5.log
stencil3d-cuda,1,average_kernel_execution_time,35.963,ms,lower,primary,baseline/results/951758/stencil3d-cuda/run-1.log
stencil3d-cuda,2,average_kernel_execution_time,36.017,ms,lower,primary,baseline/results/951758/stencil3d-cuda/run-2.log
stencil3d-cuda,3,average_kernel_execution_time,36.022,ms,lower,primary,baseline/results/951758/stencil3d-cuda/run-3.log
stencil3d-cuda,4,average_kernel_execution_time,35.95099999999999,ms,lower,primary,baseline/results/951758/stencil3d-cuda/run-4.log
stencil3d-cuda,5,average_kernel_execution_time,36.024,ms,lower,primary,baseline/results/951758/stencil3d-cuda/run-5.log
thomas-cuda,1,average_kernel_execution_time,2.415959,ms,lower,primary,baseline/results/951758/thomas-cuda/run-1.log
thomas-cuda,2,average_kernel_execution_time,2.349468,ms,lower,primary,baseline/results/951758/thomas-cuda/run-2.log
thomas-cuda,3,average_kernel_execution_time,2.406689,ms,lower,primary,baseline/results/951758/thomas-cuda/run-3.log
thomas-cuda,4,average_kernel_execution_time,2.34817,ms,lower,primary,baseline/results/951758/thomas-cuda/run-4.log
thomas-cuda,5,average_kernel_execution_time,2.352232,ms,lower,primary,baseline/results/951758/thomas-cuda/run-5.log
xsbench-cuda,1,runtime,57384.0,ms,lower,secondary,baseline/results/951758/xsbench-cuda/run-1.log
xsbench-cuda,1,total_lookups_per_second,296248.0,lookups/s,higher,secondary,baseline/results/951758/xsbench-cuda/run-1.log
xsbench-cuda,1,kernel_execution_time,342.0,ms,lower,primary,baseline/results/951758/xsbench-cuda/run-1.log
xsbench-cuda,1,kernel_lookups_per_second,49676606.0,lookups/s,higher,secondary,baseline/results/951758/xsbench-cuda/run-1.log
xsbench-cuda,2,runtime,54675.0,ms,lower,secondary,baseline/results/951758/xsbench-cuda/run-2.log
xsbench-cuda,2,total_lookups_per_second,310929.0,lookups/s,higher,secondary,baseline/results/951758/xsbench-cuda/run-2.log
xsbench-cuda,2,kernel_execution_time,342.0,ms,lower,primary,baseline/results/951758/xsbench-cuda/run-2.log
xsbench-cuda,2,kernel_lookups_per_second,49678188.0,lookups/s,higher,secondary,baseline/results/951758/xsbench-cuda/run-2.log
xsbench-cuda,3,runtime,57347.0,ms,lower,secondary,baseline/results/951758/xsbench-cuda/run-3.log
xsbench-cuda,3,total_lookups_per_second,296440.0,lookups/s,higher,secondary,baseline/results/951758/xsbench-cuda/run-3.log
xsbench-cuda,3,kernel_execution_time,342.0,ms,lower,primary,baseline/results/951758/xsbench-cuda/run-3.log
xsbench-cuda,3,kernel_lookups_per_second,49670581.0,lookups/s,higher,secondary,baseline/results/951758/xsbench-cuda/run-3.log
xsbench-cuda,4,runtime,56365.0,ms,lower,secondary,baseline/results/951758/xsbench-cuda/run-4.log
xsbench-cuda,4,total_lookups_per_second,301607.0,lookups/s,higher,secondary,baseline/results/951758/xsbench-cuda/run-4.log
xsbench-cuda,4,kernel_execution_time,342.0,ms,lower,primary,baseline/results/951758/xsbench-cuda/run-4.log
xsbench-cuda,4,kernel_lookups_per_second,49692085.0,lookups/s,higher,secondary,baseline/results/951758/xsbench-cuda/run-4.log
xsbench-cuda,5,runtime,56725.0,ms,lower,secondary,baseline/results/951758/xsbench-cuda/run-5.log
xsbench-cuda,5,total_lookups_per_second,299689.0,lookups/s,higher,secondary,baseline/results/951758/xsbench-cuda/run-5.log
xsbench-cuda,5,kernel_execution_time,342.0,ms,lower,primary,baseline/results/951758/xsbench-cuda/run-5.log
xsbench-cuda,5,kernel_lookups_per_second,49681569.0,lookups/s,higher,secondary,baseline/results/951758/xsbench-cuda/run-5.log
